case,jobs_release_size,guard,oracle_max_flow,oracle_states,fcfs_completion,guarded_completion,slow_ps_completion,guarded_max_flow,checks
case-0001,0:1,1/4,1,2,1,1,4/3,1,passed
case-0001,0:1,1/2,1,2,1,1,2,1,passed
case-0001,0:1,3/4,1,2,1,1,4,1,passed
case-0002,0:2,1/4,2,3,2,2,8/3,2,passed
case-0002,0:2,1/2,2,3,2,2,4,2,passed
case-0002,0:2,3/4,2,3,2,2,8,2,passed
case-0003,1:1,1/4,1,3,2,2,7/3,1,passed
case-0003,1:1,1/2,1,3,2,2,3,1,passed
case-0003,1:1,3/4,1,3,2,2,5,1,passed
case-0004,1:2,1/4,2,4,3,3,11/3,2,passed
case-0004,1:2,1/2,2,4,3,3,5,2,passed
case-0004,1:2,3/4,2,4,3,3,9,2,passed
case-0005,2:1,1/4,1,4,3,3,10/3,1,passed
case-0005,2:1,1/2,1,4,3,3,4,1,passed
case-0005,2:1,3/4,1,4,3,3,6,1,passed
case-0006,2:2,1/4,2,5,4,4,14/3,2,passed
case-0006,2:2,1/2,2,5,4,4,6,2,passed
case-0006,2:2,3/4,2,5,4,4,10,2,passed
case-0007,0:1;0:1,1/4,2,7,1;2,8/5;2,8/3;8/3,2,passed
case-0007,0:1;0:1,1/2,2,7,1;2,4/3;2,4;4,2,passed
case-0007,0:1;0:1,3/4,2,7,1;2,8/7;2,8;8,2,passed
case-0008,0:1;0:2,1/4,3,13,1;3,8/5;3,8/3;4,3,passed
case-0008,0:1;0:2,1/2,3,13,1;3,4/3;3,4;6,3,passed
case-0008,0:1;0:2,3/4,3,13,1;3,8/7;3,8;12,3,passed
case-0009,0:1;1:1,1/4,1,3,1;2,1;2,5/3;8/3,1,passed
case-0009,0:1;1:1,1/2,1,3,1;2,1;2,3;4,1,passed
case-0009,0:1;1:1,3/4,1,3,1;2,1;2,7;8,1,passed
case-0010,0:1;1:2,1/4,2,4,1;3,1;3,5/3;4,2,passed
case-0010,0:1;1:2,1/2,2,4,1;3,1;3,3;6,2,passed
case-0010,0:1;1:2,3/4,2,4,1;3,1;3,7;12,2,passed
case-0011,0:1;2:1,1/4,1,4,1;3,1;3,4/3;10/3,1,passed
case-0011,0:1;2:1,1/2,1,4,1;3,1;3,2;4,1,passed
case-0011,0:1;2:1,3/4,1,4,1;3,1;3,6;8,1,passed
case-0012,0:1;2:2,1/4,2,5,1;4,1;4,4/3;14/3,2,passed
case-0012,0:1;2:2,1/2,2,5,1;4,1;4,2;6,2,passed
case-0012,0:1;2:2,3/4,2,5,1;4,1;4,6;12,2,passed
case-0013,0:2;0:2,1/4,4,33,2;4,16/5;4,16/3;16/3,4,passed
case-0013,0:2;0:2,1/2,4,33,2;4,8/3;4,8;8,4,passed
case-0013,0:2;0:2,3/4,4,33,2;4,16/7;4,16;16,4,passed
case-0014,0:2;1:1,1/4,2,4,2;3,13/5;3,4;11/3,13/5,passed
case-0014,0:2;1:1,1/2,2,4,2;3,7/3;3,6;5,7/3,passed
case-0014,0:2;1:1,3/4,2,4,2;3,15/7;3,12;9,15/7,passed
case-0015,0:2;1:2,1/4,3,15,2;4,13/5;4,13/3;16/3,3,passed
case-0015,0:2;1:2,1/2,3,15,2;4,7/3;4,7;8,3,passed
case-0015,0:2;1:2,3/4,3,15,2;4,15/7;4,15;16,3,passed
case-0016,0:2;2:1,1/4,2,4,2;3,2;3,10/3;4,2,passed
case-0016,0:2;2:1,1/2,2,4,2;3,2;3,6;6,2,passed
case-0016,0:2;2:1,3/4,2,4,2;3,2;3,12;10,2,passed
case-0017,0:2;2:2,1/4,2,5,2;4,2;4,10/3;16/3,2,passed
case-0017,0:2;2:2,1/2,2,5,2;4,2;4,6;8,2,passed
case-0017,0:2;2:2,3/4,2,5,2;4,2;4,14;16,2,passed
case-0018,1:1;1:1,1/4,2,9,2;3,13/5;3,11/3;11/3,2,passed
case-0018,1:1;1:1,1/2,2,9,2;3,7/3;3,5;5,2,passed
case-0018,1:1;1:1,3/4,2,9,2;3,15/7;3,9;9,2,passed
case-0019,1:1;1:2,1/4,3,15,2;4,13/5;4,11/3;5,3,passed
case-0019,1:1;1:2,1/2,3,15,2;4,7/3;4,5;7,3,passed
case-0019,1:1;1:2,3/4,3,15,2;4,15/7;4,9;13,3,passed
case-0020,1:1;2:1,1/4,1,4,2;3,2;3,8/3;11/3,1,passed
case-0020,1:1;2:1,1/2,1,4,2;3,2;3,4;5,1,passed
case-0020,1:1;2:1,3/4,1,4,2;3,2;3,8;9,1,passed
case-0021,1:1;2:2,1/4,2,5,2;4,2;4,8/3;5,2,passed
case-0021,1:1;2:2,1/2,2,5,2;4,2;4,4;7,2,passed
case-0021,1:1;2:2,3/4,2,5,2;4,2;4,8;13,2,passed
case-0022,1:2;1:2,1/4,4,36,3;5,21/5;5,19/3;19/3,4,passed
case-0022,1:2;1:2,1/2,4,36,3;5,11/3;5,9;9,4,passed
case-0022,1:2;1:2,3/4,4,36,3;5,23/7;5,17;17,4,passed
case-0023,1:2;2:1,1/4,2,5,3;4,18/5;4,5;14/3,13/5,passed
case-0023,1:2;2:1,1/2,2,5,3;4,10/3;4,7;6,7/3,passed
case-0023,1:2;2:1,3/4,2,5,3;4,22/7;4,13;10,15/7,passed
case-0024,1:2;2:2,1/4,3,17,3;5,18/5;5,16/3;19/3,3,passed
case-0024,1:2;2:2,1/2,3,17,3;5,10/3;5,8;9,3,passed
case-0024,1:2;2:2,3/4,3,17,3;5,22/7;5,16;17,3,passed
case-0025,2:1;2:1,1/4,2,11,3;4,18/5;4,14/3;14/3,2,passed
case-0025,2:1;2:1,1/2,2,11,3;4,10/3;4,6;6,2,passed
case-0025,2:1;2:1,3/4,2,11,3;4,22/7;4,10;10,2,passed
case-0026,2:1;2:2,1/4,3,17,3;5,18/5;5,14/3;6,3,passed
case-0026,2:1;2:2,1/2,3,17,3;5,10/3;5,6;8,3,passed
case-0026,2:1;2:2,3/4,3,17,3;5,22/7;5,10;14,3,passed
case-0027,2:2;2:2,1/4,4,39,4;6,26/5;6,22/3;22/3,4,passed
case-0027,2:2;2:2,1/2,4,39,4;6,14/3;6,10;10,4,passed
case-0027,2:2;2:2,3/4,4,39,4;6,30/7;6,18;18,4,passed
case-0028,0:1;0:1;0:1,1/4,3,21,1;2;3,2;14/5;3,4;4;4,3,passed
case-0028,0:1;0:1;0:1,1/2,3,21,1;2;3,3/2;5/2;3,6;6;6,3,passed
case-0028,0:1;0:1;0:1,3/4,3,21,1;2;3,6/5;78/35;3,12;12;12,3,passed
case-0029,0:1;0:1;0:2,1/4,4,42,1;2;4,2;14/5;4,4;4;16/3,4,passed
case-0029,0:1;0:1;0:2,1/2,4,42,1;2;4,3/2;5/2;4,6;6;8,4,passed
case-0029,0:1;0:1;0:2,3/4,4,42,1;2;4,6/5;78/35;4,12;12;16,4,passed
case-0030,0:1;0:1;1:1,1/4,2,8,1;2;3,7/4;49/20;3,7/2;7/2;4,49/20,passed
case-0030,0:1;0:1;1:1,1/2,2,8,1;2;3,11/8;55/24;3,11/2;11/2;6,55/24,passed
case-0030,0:1;0:1;1:1,3/4,2,8,1;2;3,23/20;299/140;3,23/2;23/2;12,299/140,passed
case-0031,0:1;0:1;1:2,1/4,3,18,1;2;4,7/4;49/20;4,7/2;7/2;16/3,3,passed
case-0031,0:1;0:1;1:2,1/2,3,18,1;2;4,11/8;55/24;4,11/2;11/2;8,3,passed
case-0031,0:1;0:1;1:2,3/4,3,18,1;2;4,23/20;299/140;4,23/2;23/2;16,3,passed
case-0032,0:1;0:1;2:1,1/4,2,8,1;2;3,8/5;2;3,3;3;4,2,passed
case-0032,0:1;0:1;2:1,1/2,2,8,1;2;3,4/3;2;3,5;5;6,2,passed
case-0032,0:1;0:1;2:1,3/4,2,8,1;2;3,8/7;2;3,11;11;12,2,passed
case-0033,0:1;0:1;2:2,1/4,2,5,1;2;4,8/5;2;4,3;3;16/3,2,passed
case-0033,0:1;0:1;2:2,1/2,2,5,1;2;4,4/3;2;4,5;5;8,2,passed
case-0033,0:1;0:1;2:2,3/4,2,5,1;2;4,8/7;2;4,11;11;16,2,passed
case-0034,0:1;0:2;0:2,1/4,5,93,1;3;5,2;22/5;5,4;20/3;20/3,5,passed
case-0034,0:1;0:2;0:2,1/2,5,93,1;3;5,3/2;23/6;5,6;10;10,5,passed
case-0034,0:1;0:2;0:2,3/4,5,93,1;3;5,6/5;118/35;5,12;20;20,5,passed
case-0035,0:1;0:2;1:1,1/4,3,17,1;3;4,7/4;4;47/12,7/2;16/3;9/2,4,passed
case-0035,0:1;0:2;1:1,1/2,3,17,1;3;4,11/8;29/8;4,11/2;8;13/2,29/8,passed
case-0035,0:1;0:2;1:1,3/4,3,17,1;3;4,23/20;459/140;4,23/2;16;25/2,459/140,passed
case-0036,0:1;0:2;1:2,1/4,4,46,1;3;5,7/4;81/20;5,7/2;37/6;20/3,81/20,passed
case-0036,0:1;0:2;1:2,1/2,4,46,1;3;5,11/8;29/8;5,11/2;19/2;10,4,passed
case-0036,0:1;0:2;1:2,3/4,4,46,1;3;5,23/20;459/140;5,23/2;39/2;20,4,passed
case-0037,0:1;0:2;2:1,1/4,3,14,1;3;4,8/5;18/5;4,3;16/3;5,18/5,passed
case-0037,0:1;0:2;2:1,1/2,3,14,1;3;4,4/3;10/3;4,5;8;7,10/3,passed
case-0037,0:1;0:2;2:1,3/4,3,14,1;3;4,8/7;22/7;4,11;16;13,22/7,passed
case-0038,0:1;0:2;2:2,1/4,3,15,1;3;5,8/5;18/5;5,3;17/3;20/3,18/5,passed
case-0038,0:1;0:2;2:2,1/2,3,15,1;3;5,4/3;10/3;5,5;9;10,10/3,passed
case-0038,0:1;0:2;2:2,3/4,3,15,1;3;5,8/7;22/7;5,11;19;20,22/7,passed
case-0039,0:1;1:1;1:1,1/4,2,10,1;2;3,1;13/5;3,2;4;4,2,passed
case-0039,0:1;1:1;1:1,1/2,2,10,1;2;3,1;7/3;3,4;6;6,2,passed
case-0039,0:1;1:1;1:1,3/4,2,10,1;2;3,1;15/7;3,10;12;12,2,passed
case-0040,0:1;1:1;1:2,1/4,3,19,1;2;4,1;13/5;4,2;4;16/3,3,passed
case-0040,0:1;1:1;1:2,1/2,3,19,1;2;4,1;7/3;4,4;6;8,3,passed
case-0040,0:1;1:1;1:2,3/4,3,19,1;2;4,1;15/7;4,10;12;16,3,passed
case-0041,0:1;1:1;2:1,1/4,1,4,1;2;3,1;2;3,5/3;10/3;4,1,passed
case-0041,0:1;1:1;2:1,1/2,1,4,1;2;3,1;2;3,7/2;11/2;6,1,passed
case-0041,0:1;1:1;2:1,3/4,1,4,1;2;3,1;2;3,19/2;23/2;12,1,passed
case-0042,0:1;1:1;2:2,1/4,2,5,1;2;4,1;2;4,5/3;10/3;16/3,2,passed
case-0042,0:1;1:1;2:2,1/2,2,5,1;2;4,1;2;4,7/2;11/2;8,2,passed
case-0042,0:1;1:1;2:2,3/4,2,5,1;2;4,1;2;4,19/2;23/2;16,2,passed
case-0043,0:1;1:2;1:2,1/4,4,50,1;3;5,1;21/5;5,2;20/3;20/3,4,passed
case-0043,0:1;1:2;1:2,1/2,4,50,1;3;5,1;11/3;5,4;10;10,4,passed
case-0043,0:1;1:2;1:2,3/4,4,50,1;3;5,1;23/7;5,10;20;20,4,passed
case-0044,0:1;1:2;2:1,1/4,2,5,1;3;4,1;18/5;4,5/3;16/3;14/3,13/5,passed
case-0044,0:1;1:2;2:1,1/2,2,5,1;3;4,1;10/3;4,7/2;8;13/2,7/3,passed
case-0044,0:1;1:2;2:1,3/4,2,5,1;3;4,1;22/7;4,19/2;16;25/2,15/7,passed
case-0045,0:1;1:2;2:2,1/4,3,20,1;3;5,1;18/5;5,5/3;6;20/3,3,passed
case-0045,0:1;1:2;2:2,1/2,3,20,1;3;5,1;10/3;5,7/2;19/2;10,3,passed
case-0045,0:1;1:2;2:2,3/4,3,20,1;3;5,1;22/7;5,19/2;39/2;20,3,passed
case-0046,0:1;2:1;2:1,1/4,2,12,1;3;4,1;18/5;4,4/3;14/3;14/3,2,passed
case-0046,0:1;2:1;2:1,1/2,2,12,1;3;4,1;10/3;4,2;6;6,2,passed
case-0046,0:1;2:1;2:1,3/4,2,12,1;3;4,1;22/7;4,8;12;12,2,passed
case-0047,0:1;2:1;2:2,1/4,3,19,1;3;5,1;18/5;5,4/3;14/3;6,3,passed
case-0047,0:1;2:1;2:2,1/2,3,19,1;3;5,1;10/3;5,2;6;8,3,passed
case-0047,0:1;2:1;2:2,3/4,3,19,1;3;5,1;22/7;5,8;12;16,3,passed
case-0048,0:1;2:2;2:2,1/4,4,46,1;4;6,1;26/5;6,4/3;22/3;22/3,4,passed
case-0048,0:1;2:2;2:2,1/2,4,46,1;4;6,1;14/3;6,2;10;10,4,passed
case-0048,0:1;2:2;2:2,3/4,4,46,1;4;6,1;30/7;6,8;20;20,4,passed
case-0049,0:2;0:2;0:2,1/4,6,190,2;4;6,4;28/5;6,8;8;8,6,passed
case-0049,0:2;0:2;0:2,1/2,6,190,2;4;6,3;5;6,12;12;12,6,passed
case-0049,0:2;0:2;0:2,3/4,6,190,2;4;6,12/5;156/35;6,24;24;24,6,passed
case-0050,0:2;0:2;1:1,1/4,4,46,2;4;5,15/4;5;55/12,20/3;20/3;5,5,passed
case-0050,0:2;0:2;1:1,1/2,4,46,2;4;5,23/8;115/24;5,10;10;7,115/24,passed
case-0050,0:2;0:2;1:1,3/4,4,46,2;4;5,47/20;611/140;5,20;20;13,611/140,passed
case-0051,0:2;0:2;1:2,1/4,5,105,2;4;6,15/4;21/4;6,15/2;15/2;8,21/4,passed
case-0051,0:2;0:2;1:2,1/2,5,105,2;4;6,23/8;115/24;6,23/2;23/2;12,5,passed
case-0051,0:2;0:2;1:2,3/4,5,105,2;4;6,47/20;611/140;6,47/2;47/2;24,5,passed
case-0052,0:2;0:2;2:1,1/4,4,40,2;4;5,7/2;49/10;5,20/3;20/3;6,49/10,passed
case-0052,0:2;0:2;2:1,1/2,4,40,2;4;5,11/4;55/12;5,10;10;8,55/12,passed
case-0052,0:2;0:2;2:1,3/4,4,40,2;4;5,23/10;299/70;5,20;20;14,299/70,passed
case-0053,0:2;0:2;2:2,1/4,4,41,2;4;6,7/2;49/10;6,7;7;8,49/10,passed
case-0053,0:2;0:2;2:2,1/2,4,41,2;4;6,11/4;55/12;6,11;11;12,55/12,passed
case-0053,0:2;0:2;2:2,3/4,4,41,2;4;6,23/10;299/70;6,23;23;24,299/70,passed
case-0054,0:2;1:1;1:1,1/4,3,18,2;3;4,3;19/5;4,16/3;5;5,3,passed
case-0054,0:2;1:1;1:1,1/2,3,18,2;3;4,5/2;7/2;4,8;7;7,3,passed
case-0054,0:2;1:1;1:1,3/4,3,18,2;3;4,11/5;113/35;4,16;13;13,3,passed
case-0055,0:2;1:1;1:2,1/4,4,47,2;3;5,3;19/5;5,17/3;5;20/3,4,passed
case-0055,0:2;1:1;1:2,1/2,4,47,2;3;5,5/2;7/2;5,9;7;10,4,passed
case-0055,0:2;1:1;1:2,3/4,4,47,2;3;5,11/5;113/35;5,19;13;20,4,passed
case-0056,0:2;1:1;2:1,1/4,2,5,2;3;4,11/4;69/20;4,31/6;9/2;16/3,11/4,passed
case-0056,0:2;1:1;2:1,1/2,2,5,2;3;4,19/8;79/24;4,8;13/2;15/2,19/8,passed
case-0056,0:2;1:1;2:1,3/4,2,5,2;3;4,43/20;439/140;4,16;25/2;27/2,43/20,passed
case-0057,0:2;1:1;2:2,1/4,3,19,2;3;5,11/4;69/20;5,31/6;9/2;20/3,3,passed
case-0057,0:2;1:1;2:2,1/2,3,19,2;3;5,19/8;79/24;5,17/2;13/2;10,3,passed
case-0057,0:2;1:1;2:2,3/4,3,19,2;3;5,43/20;439/140;5,37/2;25/2;20,3,passed
case-0058,0:2;1:2;1:2,1/4,5,106,2;4;6,3;27/5;6,6;8;8,5,passed
case-0058,0:2;1:2;1:2,1/2,5,106,2;4;6,5/2;29/6;6,10;12;12,5,passed
case-0058,0:2;1:2;1:2,3/4,5,106,2;4;6,11/5;153/35;6,22;24;24,5,passed
case-0059,0:2;1:2;2:1,1/4,3,17,2;4;5,11/4;5;59/12,11/2;20/3;35/6,4,passed
case-0059,0:2;1:2;2:1,1/2,3,17,2;4;5,19/8;37/8;5,9;10;8,29/8,passed
case-0059,0:2;1:2;2:1,3/4,3,17,2;4;5,43/20;599/140;5,19;20;14,459/140,passed
case-0060,0:2;1:2;2:2,1/4,4,47,2;4;6,11/4;101/20;6,11/2;15/2;8,81/20,passed
case-0060,0:2;1:2;2:2,1/2,4,47,2;4;6,19/8;37/8;6,19/2;23/2;12,4,passed
case-0060,0:2;1:2;2:2,3/4,4,47,2;4;6,43/20;599/140;6,43/2;47/2;24,4,passed
case-0061,0:2;2:1;2:1,1/4,2,5,2;3;4,2;18/5;4,4;16/3;16/3,2,passed
case-0061,0:2;2:1;2:1,1/2,2,5,2;3;4,2;10/3;4,8;8;8,2,passed
case-0061,0:2;2:1;2:1,3/4,2,5,2;3;4,2;22/7;4,16;14;14,2,passed
case-0062,0:2;2:1;2:2,1/4,3,20,2;3;5,2;18/5;5,4;16/3;20/3,3,passed
case-0062,0:2;2:1;2:2,1/2,3,20,2;3;5,2;10/3;5,8;8;10,3,passed
case-0062,0:2;2:1;2:2,3/4,3,20,2;3;5,2;22/7;5,18;14;20,3,passed
case-0063,0:2;2:2;2:2,1/4,4,51,2;4;6,2;26/5;6,4;8;8,4,passed
case-0063,0:2;2:2;2:2,1/2,4,51,2;4;6,2;14/3;6,8;12;12,4,passed
case-0063,0:2;2:2;2:2,3/4,4,51,2;4;6,2;30/7;6,20;24;24,4,passed
case-0064,1:1;1:1;1:1,1/4,3,24,2;3;4,3;19/5;4,5;5;5,3,passed
case-0064,1:1;1:1;1:1,1/2,3,24,2;3;4,5/2;7/2;4,7;7;7,3,passed
case-0064,1:1;1:1;1:1,3/4,3,24,2;3;4,11/5;113/35;4,13;13;13,3,passed
case-0065,1:1;1:1;1:2,1/4,4,45,2;3;5,3;19/5;5,5;5;19/3,4,passed
case-0065,1:1;1:1;1:2,1/2,4,45,2;3;5,5/2;7/2;5,7;7;9,4,passed
case-0065,1:1;1:1;1:2,3/4,4,45,2;3;5,11/5;113/35;5,13;13;17,4,passed
case-0066,1:1;1:1;2:1,1/4,2,10,2;3;4,11/4;69/20;4,9/2;9/2;5,49/20,passed
case-0066,1:1;1:1;2:1,1/2,2,10,2;3;4,19/8;79/24;4,13/2;13/2;7,55/24,passed
case-0066,1:1;1:1;2:1,3/4,2,10,2;3;4,43/20;439/140;4,25/2;25/2;13,299/140,passed
case-0067,1:1;1:1;2:2,1/4,3,20,2;3;5,11/4;69/20;5,9/2;9/2;19/3,3,passed
case-0067,1:1;1:1;2:2,1/2,3,20,2;3;5,19/8;79/24;5,13/2;13/2;9,3,passed
case-0067,1:1;1:1;2:2,3/4,3,20,2;3;5,43/20;439/140;5,25/2;25/2;17,3,passed
case-0068,1:1;1:2;1:2,1/4,5,97,2;4;6,3;27/5;6,5;23/3;23/3,5,passed
case-0068,1:1;1:2;1:2,1/2,5,97,2;4;6,5/2;29/6;6,7;11;11,5,passed
case-0068,1:1;1:2;1:2,3/4,5,97,2;4;6,11/5;153/35;6,13;21;21,5,passed
case-0069,1:1;1:2;2:1,1/4,3,19,2;4;5,11/4;5;59/12,9/2;19/3;11/2,4,passed
case-0069,1:1;1:2;2:1,1/2,3,19,2;4;5,19/8;37/8;5,13/2;9;15/2,29/8,passed
case-0069,1:1;1:2;2:1,3/4,3,19,2;4;5,43/20;599/140;5,25/2;17;27/2,459/140,passed
case-0070,1:1;1:2;2:2,1/4,4,49,2;4;6,11/4;101/20;6,9/2;43/6;23/3,81/20,passed
case-0070,1:1;1:2;2:2,1/2,4,49,2;4;6,19/8;37/8;6,13/2;21/2;11,4,passed
case-0070,1:1;1:2;2:2,3/4,4,49,2;4;6,43/20;599/140;6,25/2;41/2;21,4,passed
case-0071,1:1;2:1;2:1,1/4,2,12,2;3;4,2;18/5;4,3;5;5,2,passed
case-0071,1:1;2:1;2:1,1/2,2,12,2;3;4,2;10/3;4,5;7;7,2,passed
case-0071,1:1;2:1;2:1,3/4,2,12,2;3;4,2;22/7;4,11;13;13,2,passed
case-0072,1:1;2:1;2:2,1/4,3,21,2;3;5,2;18/5;5,3;5;19/3,3,passed
case-0072,1:1;2:1;2:2,1/2,3,21,2;3;5,2;10/3;5,5;7;9,3,passed
case-0072,1:1;2:1;2:2,3/4,3,21,2;3;5,2;22/7;5,11;13;17,3,passed
case-0073,1:1;2:2;2:2,1/4,4,53,2;4;6,2;26/5;6,3;23/3;23/3,4,passed
case-0073,1:1;2:2;2:2,1/2,4,53,2;4;6,2;14/3;6,5;11;11,4,passed
case-0073,1:1;2:2;2:2,3/4,4,53,2;4;6,2;30/7;6,11;21;21,4,passed
case-0074,1:2;1:2;1:2,1/4,6,195,3;5;7,5;33/5;7,9;9;9,6,passed
case-0074,1:2;1:2;1:2,1/2,6,195,3;5;7,4;6;7,13;13;13,6,passed
case-0074,1:2;1:2;1:2,3/4,6,195,3;5;7,17/5;191/35;7,25;25;25,6,passed
case-0075,1:2;1:2;2:1,1/4,4,49,3;5;6,19/4;6;67/12,23/3;23/3;6,5,passed
case-0075,1:2;1:2;2:1,1/2,4,49,3;5;6,31/8;139/24;6,11;11;8,115/24,passed
case-0075,1:2;1:2;2:1,3/4,4,49,3;5;6,67/20;751/140;6,21;21;14,611/140,passed
case-0076,1:2;1:2;2:2,1/4,5,109,3;5;7,19/4;25/4;7,17/2;17/2;9,21/4,passed
case-0076,1:2;1:2;2:2,1/2,5,109,3;5;7,31/8;139/24;7,25/2;25/2;13,5,passed
case-0076,1:2;1:2;2:2,3/4,5,109,3;5;7,67/20;751/140;7,49/2;49/2;25,5,passed
case-0077,1:2;2:1;2:1,1/4,3,20,3;4;5,4;24/5;5,19/3;6;6,3,passed
case-0077,1:2;2:1;2:1,1/2,3,20,3;4;5,7/2;9/2;5,9;8;8,3,passed
case-0077,1:2;2:1;2:1,3/4,3,20,3;4;5,16/5;148/35;5,17;14;14,3,passed
case-0078,1:2;2:1;2:2,1/4,4,50,3;4;6,4;24/5;6,20/3;6;23/3,4,passed
case-0078,1:2;2:1;2:2,1/2,4,50,3;4;6,7/2;9/2;6,10;8;11,4,passed
case-0078,1:2;2:1;2:2,3/4,4,50,3;4;6,16/5;148/35;6,20;14;21,4,passed
case-0079,1:2;2:2;2:2,1/4,5,110,3;5;7,4;32/5;7,7;9;9,5,passed
case-0079,1:2;2:2;2:2,1/2,5,110,3;5;7,7/2;35/6;7,11;13;13,5,passed
case-0079,1:2;2:2;2:2,3/4,5,110,3;5;7,16/5;188/35;7,23;25;25,5,passed
case-0080,2:1;2:1;2:1,1/4,3,27,3;4;5,4;24/5;5,6;6;6,3,passed
case-0080,2:1;2:1;2:1,1/2,3,27,3;4;5,7/2;9/2;5,8;8;8,3,passed
case-0080,2:1;2:1;2:1,3/4,3,27,3;4;5,16/5;148/35;5,14;14;14,3,passed
case-0081,2:1;2:1;2:2,1/4,4,48,3;4;6,4;24/5;6,6;6;22/3,4,passed
case-0081,2:1;2:1;2:2,1/2,4,48,3;4;6,7/2;9/2;6,8;8;10,4,passed
case-0081,2:1;2:1;2:2,3/4,4,48,3;4;6,16/5;148/35;6,14;14;18,4,passed
case-0082,2:1;2:2;2:2,1/4,5,101,3;5;7,4;32/5;7,6;26/3;26/3,5,passed
case-0082,2:1;2:2;2:2,1/2,5,101,3;5;7,7/2;35/6;7,8;12;12,5,passed
case-0082,2:1;2:2;2:2,3/4,5,101,3;5;7,16/5;188/35;7,14;22;22,5,passed
case-0083,2:2;2:2;2:2,1/4,6,200,4;6;8,6;38/5;8,10;10;10,6,passed
case-0083,2:2;2:2;2:2,1/2,6,200,4;6;8,5;7;8,14;14;14,6,passed
case-0083,2:2;2:2;2:2,3/4,6,200,4;6;8,22/5;226/35;8,26;26;26,6,passed
case-0084,0:1;0:1;0:1;0:1,1/4,4,60,1;2;3;4,16/7;24/7;136/35;4,16/3;16/3;16/3;16/3,4,passed
case-0084,0:1;0:1;0:1;0:1,1/2,4,60,1;2;3;4,8/5;14/5;18/5;4,8;8;8;8,4,passed
case-0084,0:1;0:1;0:1;0:1,3/4,4,60,1;2;3;4,16/13;152/65;1496/455;4,16;16;16;16,4,passed
case-0085,0:1;0:1;0:1;0:2,1/4,5,121,1;2;3;5,16/7;24/7;136/35;5,16/3;16/3;16/3;20/3,5,passed
case-0085,0:1;0:1;0:1;0:2,1/2,5,121,1;2;3;5,8/5;14/5;18/5;5,8;8;8;10,5,passed
case-0085,0:1;0:1;0:1;0:2,3/4,5,121,1;2;3;5,16/13;152/65;1496/455;5,16;16;16;20,5,passed
case-0086,0:1;0:1;0:1;1:1,1/4,3,26,1;2;3;4,15/7;45/14;51/14;4,5;5;5;16/3,51/14,passed
case-0086,0:1;0:1;0:1;1:1,1/2,3,26,1;2;3;4,23/15;161/60;69/20;4,23/3;23/3;23/3;8,69/20,passed
case-0086,0:1;0:1;0:1;1:1,3/4,3,26,1;2;3;4,47/39;893/390;8789/2730;4,47/3;47/3;47/3;16,8789/2730,passed
case-0087,0:1;0:1;0:1;1:2,1/4,4,59,1;2;3;5,15/7;45/14;51/14;5,5;5;5;20/3,4,passed
case-0087,0:1;0:1;0:1;1:2,1/2,4,59,1;2;3;5,23/15;161/60;69/20;5,23/3;23/3;23/3;10,4,passed
case-0087,0:1;0:1;0:1;1:2,3/4,4,59,1;2;3;5,47/39;893/390;8789/2730;5,47/3;47/3;47/3;20,4,passed
case-0088,0:1;0:1;0:1;2:1,1/4,3,22,1;2;3;4,2;3;17/5;4,14/3;14/3;14/3;16/3,17/5,passed
case-0088,0:1;0:1;0:1;2:1,1/2,3,22,1;2;3;4,3/2;41/16;157/48;4,22/3;22/3;22/3;8,157/48,passed
case-0088,0:1;0:1;0:1;2:1,3/4,3,22,1;2;3;4,6/5;56/25;548/175;4,46/3;46/3;46/3;16,548/175,passed
case-0089,0:1;0:1;0:1;2:2,1/4,3,18,1;2;3;5,2;3;17/5;5,14/3;14/3;14/3;20/3,17/5,passed
case-0089,0:1;0:1;0:1;2:2,1/2,3,18,1;2;3;5,3/2;41/16;157/48;5,22/3;22/3;22/3;10,157/48,passed
case-0089,0:1;0:1;0:1;2:2,3/4,3,18,1;2;3;5,6/5;56/25;548/175;5,46/3;46/3;46/3;20,548/175,passed
case-0090,0:1;0:1;0:2;0:2,1/4,6,249,1;2;4;6,16/7;24/7;192/35;6,16/3;16/3;8;8,6,passed
case-0090,0:1;0:1;0:2;0:2,1/2,6,249,1;2;4;6,8/5;14/5;74/15;6,8;8;12;12,6,passed
case-0090,0:1;0:1;0:2;0:2,3/4,6,249,1;2;4;6,16/13;152/65;288/65;6,16;16;24;24,6,passed
case-0091,0:1;0:1;0:2;1:1,1/4,4,59,1;2;4;5,15/7;45/14;5;193/42,5;5;20/3;17/3,5,passed
case-0091,0:1;0:1;0:2;1:1,1/2,4,59,1;2;4;5,23/15;161/60;287/60;5,23/3;23/3;10;25/3,287/60,passed
case-0091,0:1;0:1;0:2;1:1,3/4,4,59,1;2;4;5,47/39;893/390;11909/2730;5,47/3;47/3;20;49/3,11909/2730,passed
case-0092,0:1;0:1;0:2;1:2,1/4,5,137,1;2;4;6,15/7;45/14;367/70;6,5;5;23/3;8,367/70,passed
case-0092,0:1;0:1;0:2;1:2,1/2,5,137,1;2;4;6,23/15;161/60;287/60;6,23/3;23/3;35/3;12,5,passed
case-0092,0:1;0:1;0:2;1:2,3/4,5,137,1;2;4;6,47/39;893/390;11909/2730;6,47/3;47/3;71/3;24,5,passed
case-0093,0:1;0:1;0:2;2:1,1/4,4,51,1;2;4;5,2;3;5;5,14/3;14/3;20/3;6,5,passed
case-0093,0:1;0:1;0:2;2:1,1/2,4,51,1;2;4;5,3/2;41/16;221/48;5,22/3;22/3;10;26/3,221/48,passed
case-0093,0:1;0:1;0:2;2:1,3/4,4,51,1;2;4;5,6/5;56/25;748/175;5,46/3;46/3;20;50/3,748/175,passed
case-0094,0:1;0:1;0:2;2:2,1/4,4,52,1;2;4;6,2;3;5;6,14/3;14/3;22/3;8,5,passed
case-0094,0:1;0:1;0:2;2:2,1/2,4,52,1;2;4;6,3/2;41/16;221/48;6,22/3;22/3;34/3;12,221/48,passed
case-0094,0:1;0:1;0:2;2:2,3/4,4,52,1;2;4;6,6/5;56/25;748/175;6,46/3;46/3;70/3;24,748/175,passed
case-0095,0:1;0:1;1:1;1:1,1/4,3,26,1;2;3;4,13/7;39/14;263/70;4,13/3;13/3;16/3;16/3,3,passed
case-0095,0:1;0:1;1:1;1:1,1/2,3,26,1;2;3;4,7/5;49/20;209/60;4,7;7;8;8,3,passed
case-0095,0:1;0:1;1:1;1:1,3/4,3,26,1;2;3;4,15/13;57/26;587/182;4,15;15;16;16,3,passed
case-0096,0:1;0:1;1:1;1:2,1/4,4,60,1;2;3;5,13/7;39/14;263/70;5,13/3;13/3;16/3;20/3,4,passed
case-0096,0:1;0:1;1:1;1:2,1/2,4,60,1;2;3;5,7/5;49/20;209/60;5,7;7;8;10,4,passed
case-0096,0:1;0:1;1:1;1:2,3/4,4,60,1;2;3;5,15/13;57/26;587/182;5,15;15;16;20,4,passed
case-0097,0:1;0:1;1:1;2:1,1/4,2,9,1;2;3;4,7/4;41/16;279/80;4,4;4;5;16/3,41/16,passed
case-0097,0:1;0:1;1:1;2:1,1/2,2,9,1;2;3;4,11/8;149/64;211/64;4,20/3;20/3;23/3;8,149/64,passed
case-0097,0:1;0:1;1:1;2:1,3/4,2,9,1;2;3;4,23/20;857/400;8781/2800;4,44/3;44/3;47/3;16,857/400,passed
case-0098,0:1;0:1;1:1;2:2,1/4,3,22,1;2;3;5,7/4;41/16;279/80;5,4;4;5;20/3,3,passed
case-0098,0:1;0:1;1:1;2:2,1/2,3,22,1;2;3;5,11/8;149/64;211/64;5,20/3;20/3;23/3;10,3,passed
case-0098,0:1;0:1;1:1;2:2,3/4,3,22,1;2;3;5,23/20;857/400;8781/2800;5,44/3;44/3;47/3;20,3,passed
case-0099,0:1;0:1;1:2;1:2,1/4,5,138,1;2;4;6,13/7;39/14;75/14;6,13/3;13/3;8;8,5,passed
case-0099,0:1;0:1;1:2;1:2,1/2,5,138,1;2;4;6,7/5;49/20;289/60;6,7;7;12;12,5,passed
case-0099,0:1;0:1;1:2;1:2,3/4,5,138,1;2;4;6,15/13;57/26;795/182;6,15;15;24;24,5,passed
case-0100,0:1;0:1;1:2;2:1,1/4,3,20,1;2;4;5,7/4;41/16;5;233/48,4;4;20/3;17/3,4,passed
case-0100,0:1;0:1;1:2;2:1,1/2,3,20,1;2;4;5,11/8;149/64;889/192;5,20/3;20/3;10;25/3,697/192,passed
case-0100,0:1;0:1;1:2;2:1,3/4,3,20,1;2;4;5,23/20;857/400;11981/2800;5,44/3;44/3;20;49/3,9181/2800,passed
case-0101,0:1;0:1;1:2;2:2,1/4,4,58,1;2;4;6,7/4;41/16;407/80;6,4;4;23/3;8,327/80,passed
case-0101,0:1;0:1;1:2;2:2,1/2,4,58,1;2;4;6,11/8;149/64;889/192;6,20/3;20/3;35/3;12,4,passed
case-0101,0:1;0:1;1:2;2:2,3/4,4,58,1;2;4;6,23/20;857/400;11981/2800;6,44/3;44/3;71/3;24,4,passed
case-0102,0:1;0:1;2:1;2:1,1/4,2,9,1;2;3;4,8/5;2;18/5;4,10/3;10/3;16/3;16/3,2,passed
case-0102,0:1;0:1;2:1;2:1,1/2,2,9,1;2;3;4,4/3;2;10/3;4,6;6;8;8,2,passed
case-0102,0:1;0:1;2:1;2:1,3/4,2,9,1;2;3;4,8/7;2;22/7;4,14;14;16;16,2,passed
case-0103,0:1;0:1;2:1;2:2,1/4,3,22,1;2;3;5,8/5;2;18/5;5,10/3;10/3;16/3;20/3,3,passed
case-0103,0:1;0:1;2:1;2:2,1/2,3,22,1;2;3;5,4/3;2;10/3;5,6;6;8;10,3,passed
case-0103,0:1;0:1;2:1;2:2,3/4,3,22,1;2;3;5,8/7;2;22/7;5,14;14;16;20,3,passed
case-0104,0:1;0:1;2:2;2:2,1/4,4,58,1;2;4;6,8/5;2;26/5;6,10/3;10/3;8;8,4,passed
case-0104,0:1;0:1;2:2;2:2,1/2,4,58,1;2;4;6,4/3;2;14/3;6,6;6;12;12,4,passed
case-0104,0:1;0:1;2:2;2:2,3/4,4,58,1;2;4;6,8/7;2;30/7;6,14;14;24;24,4,passed
case-0105,0:1;0:2;0:2;0:2,1/4,7,487,1;3;5;7,16/7;38/7;234/35;7,16/3;28/3;28/3;28/3,7,passed
case-0105,0:1;0:2;0:2;0:2,1/2,7,487,1;3;5;7,8/5;43/10;61/10;7,8;14;14;14,7,passed
case-0105,0:1;0:2;0:2;0:2,3/4,7,487,1;3;5;7,16/13;46/13;502/91;7,16;28;28;28,7,passed
case-0106,0:1;0:2;0:2;1:1,1/4,5,138,1;3;5;6,15/7;73/14;6;221/42,5;8;8;6,6,passed
case-0106,0:1;0:2;0:2;1:1,1/2,5,138,1;3;5;6,23/15;251/60;119/20;6,23/3;12;12;26/3,119/20,passed
case-0106,0:1;0:2;0:2;1:1,3/4,5,138,1;3;5;6,47/39;1361/390;14873/2730;6,47/3;24;24;50/3,14873/2730,passed
case-0107,0:1;0:2;0:2;1:2,1/4,6,292,1;3;5;7,15/7;73/14;451/70;7,5;9;9;28/3,451/70,passed
case-0107,0:1;0:2;0:2;1:2,1/2,6,292,1;3;5;7,23/15;251/60;119/20;7,23/3;41/3;41/3;14,6,passed
case-0107,0:1;0:2;0:2;1:2,3/4,6,292,1;3;5;7,47/39;1361/390;14873/2730;7,47/3;83/3;83/3;28,6,passed
case-0108,0:1;0:2;0:2;2:1,1/4,5,126,1;3;5;6,2;5;6;17/3,14/3;8;8;20/3,6,passed
case-0108,0:1;0:2;0:2;2:1,1/2,5,126,1;3;5;6,3/2;65/16;277/48;6,22/3;12;12;28/3,277/48,passed
case-0108,0:1;0:2;0:2;2:1,3/4,5,126,1;3;5;6,6/5;86/25;134/25;6,46/3;24;24;52/3,134/25,passed
case-0109,0:1;0:2;0:2;2:2,1/4,5,136,1;3;5;7,2;5;31/5;7,14/3;26/3;26/3;28/3,31/5,passed
case-0109,0:1;0:2;0:2;2:2,1/2,5,136,1;3;5;7,3/2;65/16;277/48;7,22/3;40/3;40/3;14,277/48,passed
case-0109,0:1;0:2;0:2;2:2,3/4,5,136,1;3;5;7,6/5;86/25;134/25;7,46/3;82/3;82/3;28,134/25,passed
case-0110,0:1;0:2;1:1;1:1,1/4,4,58,1;3;4;5,13/7;67/14;347/70;5,13/3;20/3;35/6;35/6,67/14,passed
case-0110,0:1;0:2;1:1;1:1,1/2,4,58,1;3;4;5,7/5;79/20;93/20;5,7;10;17/2;17/2,4,passed
case-0110,0:1;0:2;1:1;1:1,3/4,4,58,1;3;4;5,15/13;441/130;3923/910;5,15;20;33/2;33/2,4,passed
case-0111,0:1;0:2;1:1;1:2,1/4,5,135,1;3;4;6,13/7;67/14;347/70;6,13/3;15/2;35/6;8,5,passed
case-0111,0:1;0:2;1:1;1:2,1/2,5,135,1;3;4;6,7/5;79/20;93/20;6,7;23/2;17/2;12,5,passed
case-0111,0:1;0:2;1:1;1:2,3/4,5,135,1;3;4;6,15/13;441/130;3923/910;6,15;47/2;33/2;24,5,passed
case-0112,0:1;0:2;1:1;2:1,1/4,3,18,1;3;4;5,7/4;73/16;75/16;5,4;20/3;11/2;37/6,73/16,passed
case-0112,0:1;0:2;1:1;2:1,1/2,3,18,1;3;4;5,11/8;245/64;857/192;5,20/3;10;49/6;53/6,245/64,passed
case-0112,0:1;0:2;1:1;2:1,3/4,3,18,1;3;4;5,23/20;1337/400;11821/2800;5,44/3;20;97/6;101/6,1337/400,passed
case-0113,0:1;0:2;1:1;2:2,1/4,4,55,1;3;4;6,7/4;73/16;75/16;6,4;43/6;11/2;8,73/16,passed
case-0113,0:1;0:2;1:1;2:2,1/2,4,55,1;3;4;6,11/8;245/64;857/192;6,20/3;67/6;49/6;12,4,passed
case-0113,0:1;0:2;1:1;2:2,3/4,4,55,1;3;4;6,23/20;1337/400;11821/2800;6,44/3;139/6;97/6;24,4,passed
case-0114,0:1;0:2;1:2;1:2,1/4,6,287,1;3;5;7,13/7;67/14;459/70;7,13/3;25/3;28/3;28/3,6,passed
case-0114,0:1;0:2;1:2;1:2,1/2,6,287,1;3;5;7,7/5;79/20;359/60;7,7;13;14;14,6,passed
case-0114,0:1;0:2;1:2;1:2,3/4,6,287,1;3;5;7,15/13;441/130;709/130;7,15;27;28;28,6,passed
case-0115,0:1;0:2;1:2;2:1,1/4,4,56,1;3;5;6,7/4;73/16;6;265/48,4;15/2;8;13/2,5,passed
case-0115,0:1;0:2;1:2;2:1,1/2,4,56,1;3;5;6,11/8;245/64;371/64;6,20/3;23/2;12;55/6,307/64,passed
case-0115,0:1;0:2;1:2;2:1,3/4,4,56,1;3;5;6,23/20;1337/400;15021/2800;6,44/3;47/2;24;103/6,12221/2800,passed
case-0116,0:1;0:2;1:2;2:2,1/4,5,138,1;3;5;7,7/4;73/16;503/80;7,4;8;9;28/3,423/80,passed
case-0116,0:1;0:2;1:2;2:2,1/2,5,138,1;3;5;7,11/8;245/64;371/64;7,20/3;38/3;41/3;14,5,passed
case-0116,0:1;0:2;1:2;2:2,3/4,5,138,1;3;5;7,23/20;1337/400;15021/2800;7,44/3;80/3;83/3;28,5,passed
case-0117,0:1;0:2;2:1;2:1,1/4,3,15,1;3;4;5,8/5;4;24/5;5,10/3;20/3;19/3;19/3,4,passed
case-0117,0:1;0:2;2:1;2:1,1/2,3,15,1;3;4;5,4/3;7/2;9/2;5,6;10;9;9,7/2,passed
case-0117,0:1;0:2;2:1;2:1,3/4,3,15,1;3;4;5,8/7;16/5;148/35;5,14;20;17;17,16/5,passed
case-0118,0:1;0:2;2:1;2:2,1/4,4,49,1;3;4;6,8/5;4;24/5;6,10/3;7;19/3;8,4,passed
case-0118,0:1;0:2;2:1;2:2,1/2,4,49,1;3;4;6,4/3;7/2;9/2;6,6;11;9;12,4,passed
case-0118,0:1;0:2;2:1;2:2,3/4,4,49,1;3;4;6,8/7;16/5;148/35;6,14;23;17;24,4,passed
case-0119,0:1;0:2;2:2;2:2,1/4,5,123,1;3;5;7,8/5;4;32/5;7,10/3;22/3;28/3;28/3,5,passed
case-0119,0:1;0:2;2:2;2:2,1/2,5,123,1;3;5;7,4/3;7/2;35/6;7,6;12;14;14,5,passed
case-0119,0:1;0:2;2:2;2:2,3/4,5,123,1;3;5;7,8/7;16/5;188/35;7,14;26;28;28,5,passed
case-0120,0:1;1:1;1:1;1:1,1/4,3,30,1;2;3;4,1;3;19/5;4,7/3;16/3;16/3;16/3,3,passed
case-0120,0:1;1:1;1:1;1:1,1/2,3,30,1;2;3;4,1;5/2;7/2;4,5;8;8;8,3,passed
case-0120,0:1;1:1;1:1;1:1,3/4,3,30,1;2;3;4,1;11/5;113/35;4,13;16;16;16,3,passed
case-0121,0:1;1:1;1:1;1:2,1/4,4,63,1;2;3;5,1;3;19/5;5,7/3;16/3;16/3;20/3,4,passed
case-0121,0:1;1:1;1:1;1:2,1/2,4,63,1;2;3;5,1;5/2;7/2;5,5;8;8;10,4,passed
case-0121,0:1;1:1;1:1;1:2,3/4,4,63,1;2;3;5,1;11/5;113/35;5,13;16;16;20,4,passed
case-0122,0:1;1:1;1:1;2:1,1/4,2,11,1;2;3;4,1;11/4;69/20;4,2;5;5;16/3,49/20,passed
case-0122,0:1;1:1;1:1;2:1,1/2,2,11,1;2;3;4,1;19/8;79/24;4,14/3;23/3;23/3;8,55/24,passed
case-0122,0:1;1:1;1:1;2:1,3/4,2,11,1;2;3;4,1;43/20;439/140;4,38/3;47/3;47/3;16,299/140,passed
case-0123,0:1;1:1;1:1;2:2,1/4,3,24,1;2;3;5,1;11/4;69/20;5,2;5;5;20/3,3,passed
case-0123,0:1;1:1;1:1;2:2,1/2,3,24,1;2;3;5,1;19/8;79/24;5,14/3;23/3;23/3;10,3,passed
case-0123,0:1;1:1;1:1;2:2,3/4,3,24,1;2;3;5,1;43/20;439/140;5,38/3;47/3;47/3;20,3,passed
case-0124,0:1;1:1;1:2;1:2,1/4,5,144,1;2;4;6,1;3;27/5;6,7/3;16/3;8;8,5,passed
case-0124,0:1;1:1;1:2;1:2,1/2,5,144,1;2;4;6,1;5/2;29/6;6,5;8;12;12,5,passed
case-0124,0:1;1:1;1:2;1:2,3/4,5,144,1;2;4;6,1;11/5;153/35;6,13;16;24;24,5,passed
case-0125,0:1;1:1;1:2;2:1,1/4,3,23,1;2;4;5,1;11/4;5;59/12,2;5;20/3;17/3,4,passed
case-0125,0:1;1:1;1:2;2:1,1/2,3,23,1;2;4;5,1;19/8;37/8;5,14/3;23/3;10;25/3,29/8,passed
case-0125,0:1;1:1;1:2;2:1,3/4,3,23,1;2;4;5,1;43/20;599/140;5,38/3;47/3;20;49/3,459/140,passed
case-0126,0:1;1:1;1:2;2:2,1/4,4,65,1;2;4;6,1;11/4;101/20;6,2;5;23/3;8,81/20,passed
case-0126,0:1;1:1;1:2;2:2,1/2,4,65,1;2;4;6,1;19/8;37/8;6,14/3;23/3;35/3;12,4,passed
case-0126,0:1;1:1;1:2;2:2,3/4,4,65,1;2;4;6,1;43/20;599/140;6,38/3;47/3;71/3;24,4,passed
case-0127,0:1;1:1;2:1;2:1,1/4,2,13,1;2;3;4,1;2;18/5;4,5/3;4;16/3;16/3,2,passed
case-0127,0:1;1:1;2:1;2:1,1/2,2,13,1;2;3;4,1;2;10/3;4,4;7;8;8,2,passed
case-0127,0:1;1:1;2:1;2:1,3/4,2,13,1;2;3;4,1;2;22/7;4,12;15;16;16,2,passed
case-0128,0:1;1:1;2:1;2:2,1/4,3,24,1;2;3;5,1;2;18/5;5,5/3;4;16/3;20/3,3,passed
case-0128,0:1;1:1;2:1;2:2,1/2,3,24,1;2;3;5,1;2;10/3;5,4;7;8;10,3,passed
case-0128,0:1;1:1;2:1;2:2,3/4,3,24,1;2;3;5,1;2;22/7;5,12;15;16;20,3,passed
case-0129,0:1;1:1;2:2;2:2,1/4,4,65,1;2;4;6,1;2;26/5;6,5/3;4;8;8,4,passed
case-0129,0:1;1:1;2:2;2:2,1/2,4,65,1;2;4;6,1;2;14/3;6,4;7;12;12,4,passed
case-0129,0:1;1:1;2:2;2:2,3/4,4,65,1;2;4;6,1;2;30/7;6,12;15;24;24,4,passed
case-0130,0:1;1:2;1:2;1:2,1/4,6,302,1;3;5;7,1;5;33/5;7,7/3;28/3;28/3;28/3,6,passed
case-0130,0:1;1:2;1:2;1:2,1/2,6,302,1;3;5;7,1;4;6;7,5;14;14;14,6,passed
case-0130,0:1;1:2;1:2;1:2,3/4,6,302,1;3;5;7,1;17/5;191/35;7,13;28;28;28,6,passed
case-0131,0:1;1:2;1:2;2:1,1/4,4,66,1;3;5;6,1;19/4;6;67/12,2;8;8;6,5,passed
case-0131,0:1;1:2;1:2;2:1,1/2,4,66,1;3;5;6,1;31/8;139/24;6,14/3;12;12;26/3,115/24,passed
case-0131,0:1;1:2;1:2;2:1,3/4,4,66,1;3;5;6,1;67/20;751/140;6,38/3;24;24;50/3,611/140,passed
case-0132,0:1;1:2;1:2;2:2,1/4,5,156,1;3;5;7,1;19/4;25/4;7,2;9;9;28/3,21/4,passed
case-0132,0:1;1:2;1:2;2:2,1/2,5,156,1;3;5;7,1;31/8;139/24;7,14/3;41/3;41/3;14,5,passed
case-0132,0:1;1:2;1:2;2:2,3/4,5,156,1;3;5;7,1;67/20;751/140;7,38/3;83/3;83/3;28,5,passed
case-0133,0:1;1:2;2:1;2:1,1/4,3,23,1;3;4;5,1;4;24/5;5,5/3;20/3;6;6,3,passed
case-0133,0:1;1:2;2:1;2:1,1/2,3,23,1;3;4;5,1;7/2;9/2;5,4;10;17/2;17/2,3,passed
case-0133,0:1;1:2;2:1;2:1,3/4,3,23,1;3;4;5,1;16/5;148/35;5,12;20;33/2;33/2,3,passed
case-0134,0:1;1:2;2:1;2:2,1/4,4,63,1;3;4;6,1;4;24/5;6,5/3;22/3;6;8,4,passed
case-0134,0:1;1:2;2:1;2:2,1/2,4,63,1;3;4;6,1;7/2;9/2;6,4;23/2;17/2;12,4,passed
case-0134,0:1;1:2;2:1;2:2,3/4,4,63,1;3;4;6,1;16/5;148/35;6,12;47/2;33/2;24,4,passed
case-0135,0:1;1:2;2:2;2:2,1/4,5,148,1;3;5;7,1;4;32/5;7,5/3;8;28/3;28/3,5,passed
case-0135,0:1;1:2;2:2;2:2,1/2,5,148,1;3;5;7,1;7/2;35/6;7,4;13;14;14,5,passed
case-0135,0:1;1:2;2:2;2:2,3/4,5,148,1;3;5;7,1;16/5;188/35;7,12;27;28;28,5,passed
case-0136,0:1;2:1;2:1;2:1,1/4,3,30,1;3;4;5,1;4;24/5;5,4/3;6;6;6,3,passed
case-0136,0:1;2:1;2:1;2:1,1/2,3,30,1;3;4;5,1;7/2;9/2;5,2;8;8;8,3,passed
case-0136,0:1;2:1;2:1;2:1,3/4,3,30,1;3;4;5,1;16/5;148/35;5,10;16;16;16,3,passed
case-0137,0:1;2:1;2:1;2:2,1/4,4,56,1;3;4;6,1;4;24/5;6,4/3;6;6;22/3,4,passed
case-0137,0:1;2:1;2:1;2:2,1/2,4,56,1;3;4;6,1;7/2;9/2;6,2;8;8;10,4,passed
case-0137,0:1;2:1;2:1;2:2,3/4,4,56,1;3;4;6,1;16/5;148/35;6,10;16;16;20,4,passed
case-0138,0:1;2:1;2:2;2:2,1/4,5,124,1;3;5;7,1;4;32/5;7,4/3;6;26/3;26/3,5,passed
case-0138,0:1;2:1;2:2;2:2,1/2,5,124,1;3;5;7,1;7/2;35/6;7,2;8;12;12,5,passed
case-0138,0:1;2:1;2:2;2:2,3/4,5,124,1;3;5;7,1;16/5;188/35;7,10;16;24;24,5,passed
case-0139,0:1;2:2;2:2;2:2,1/4,6,257,1;4;6;8,1;6;38/5;8,4/3;10;10;10,6,passed
case-0139,0:1;2:2;2:2;2:2,1/2,6,257,1;4;6;8,1;5;7;8,2;14;14;14,6,passed
case-0139,0:1;2:2;2:2;2:2,3/4,6,257,1;4;6;8,1;22/5;226/35;8,10;28;28;28,6,passed
case-0140,0:2;0:2;0:2;0:2,1/4,8,920,2;4;6;8,32/7;48/7;272/35;8,32/3;32/3;32/3;32/3,8,passed
case-0140,0:2;0:2;0:2;0:2,1/2,8,920,2;4;6;8,16/5;28/5;36/5;8,16;16;16;16,8,passed
case-0140,0:2;0:2;0:2;0:2,3/4,8,920,2;4;6;8,32/13;304/65;2992/455;8,32;32;32;32,8,passed
case-0141,0:2;0:2;0:2;1:1,1/4,6,294,2;4;6;7,31/7;227/35;7;41/7,28/3;28/3;28/3;19/3,7,passed
case-0141,0:2;0:2;0:2;1:1,1/2,6,294,2;4;6;7,47/15;329/60;7;137/20,14;14;14;9,7,passed
case-0141,0:2;0:2;0:2;1:1,3/4,6,294,2;4;6;7,95/39;361/78;3553/546;7,28;28;28;17,3553/546,passed
case-0142,0:2;0:2;0:2;1:2,1/4,7,588,2;4;6;8,31/7;93/14;527/70;8,31/3;31/3;31/3;32/3,527/70,passed
case-0142,0:2;0:2;0:2;1:2,1/2,7,588,2;4;6;8,47/15;329/60;141/20;8,47/3;47/3;47/3;16,141/20,passed
case-0142,0:2;0:2;0:2;1:2,3/4,7,588,2;4;6;8,95/39;361/78;3553/546;8,95/3;95/3;95/3;32,7,passed
case-0143,0:2;0:2;0:2;2:1,1/4,6,278,2;4;6;7,30/7;45/7;7;137/21,28/3;28/3;28/3;22/3,7,passed
case-0143,0:2;0:2;0:2;2:1,1/2,6,278,2;4;6;7,46/15;161/30;69/10;7,14;14;14;10,69/10,passed
case-0143,0:2;0:2;0:2;2:1,3/4,6,278,2;4;6;7,94/39;893/195;8789/1365;7,28;28;28;18,8789/1365,passed
case-0144,0:2;0:2;0:2;2:2,1/4,6,316,2;4;6;8,30/7;45/7;51/7;8,10;10;10;32/3,51/7,passed
case-0144,0:2;0:2;0:2;2:2,1/2,6,316,2;4;6;8,46/15;161/30;69/10;8,46/3;46/3;46/3;16,69/10,passed
case-0144,0:2;0:2;0:2;2:2,3/4,6,316,2;4;6;8,94/39;893/195;8789/1365;8,94/3;94/3;94/3;32,8789/1365,passed
case-0145,0:2;0:2;1:1;1:1,1/4,5,135,2;4;5;6,29/7;6;81/14;81/14,8;8;19/3;19/3,6,passed
case-0145,0:2;0:2;1:1;1:1,1/2,5,135,2;4;5;6,3;21/4;23/4;6,12;12;9;9,21/4,passed
case-0145,0:2;0:2;1:1;1:1,3/4,5,135,2;4;5;6,31/13;589/130;4887/910;6,24;24;17;17,5,passed
case-0146,0:2;0:2;1:1;1:2,1/4,6,287,2;4;5;7,29/7;429/70;81/14;7,53/6;53/6;19/3;28/3,429/70,passed
case-0146,0:2;0:2;1:1;1:2,1/2,6,287,2;4;5;7,3;21/4;23/4;7,27/2;27/2;9;14,6,passed
case-0146,0:2;0:2;1:1;1:2,3/4,6,287,2;4;5;7,31/13;589/130;4887/910;7,55/2;55/2;17;28,6,passed
case-0147,0:2;0:2;1:1;2:1,1/4,4,56,2;4;5;6,4;59/10;11/2;6,8;8;6;7,59/10,passed
case-0147,0:2;0:2;1:1;2:1,1/2,4,56,2;4;5;6,44/15;77/15;28/5;6,12;12;26/3;29/3,77/15,passed
case-0147,0:2;0:2;1:1;2:1,3/4,4,56,2;4;5;6,92/39;874/195;7237/1365;6,24;24;50/3;53/3,874/195,passed
case-0148,0:2;0:2;1:1;2:2,1/4,5,138,2;4;5;7,4;59/10;11/2;7,17/2;17/2;6;28/3,59/10,passed
case-0148,0:2;0:2;1:1;2:2,1/2,5,138,2;4;5;7,44/15;77/15;28/5;7,79/6;79/6;26/3;14,77/15,passed
case-0148,0:2;0:2;1:1;2:2,3/4,5,138,2;4;5;7,92/39;874/195;7237/1365;7,163/6;163/6;50/3;28,5,passed
case-0149,0:2;0:2;1:2;1:2,1/4,7,577,2;4;6;8,29/7;87/14;107/14;8,29/3;29/3;32/3;32/3,7,passed
case-0149,0:2;0:2;1:2;1:2,1/2,7,577,2;4;6;8,3;21/4;85/12;8,15;15;16;16,7,passed
case-0149,0:2;0:2;1:2;1:2,3/4,7,577,2;4;6;8,31/13;589/130;5927/910;8,31;31;32;32,7,passed
case-0150,0:2;0:2;1:2;2:1,1/4,5,142,2;4;6;7,4;6;7;19/3,53/6;53/6;28/3;22/3,6,passed
case-0150,0:2;0:2;1:2;2:1,1/2,5,142,2;4;6;7,44/15;77/15;104/15;7,27/2;27/2;14;10,89/15,passed
case-0150,0:2;0:2;1:2;2:1,3/4,5,142,2;4;6;7,92/39;874/195;8797/1365;7,55/2;55/2;28;18,7432/1365,passed
case-0151,0:2;0:2;1:2;2:2,1/4,6,314,2;4;6;8,4;6;37/5;8,28/3;28/3;31/3;32/3,32/5,passed
case-0151,0:2;0:2;1:2;2:2,1/2,6,314,2;4;6;8,44/15;77/15;104/15;8,44/3;44/3;47/3;16,6,passed
case-0151,0:2;0:2;1:2;2:2,3/4,6,314,2;4;6;8,92/39;874/195;8797/1365;8,92/3;92/3;95/3;32,6,passed
case-0152,0:2;0:2;2:1;2:1,1/4,4,47,2;4;5;6,26/7;39/7;207/35;6,8;8;22/3;22/3,39/7,passed
case-0152,0:2;0:2;2:1;2:1,1/2,4,47,2;4;5;6,14/5;49/10;169/30;6,12;12;10;10,49/10,passed
case-0152,0:2;0:2;2:1;2:1,3/4,4,47,2;4;5;6,30/13;57/13;69/13;6,24;24;18;18,57/13,passed
case-0153,0:2;0:2;2:1;2:2,1/4,5,123,2;4;5;7,26/7;39/7;207/35;7,25/3;25/3;22/3;28/3,39/7,passed
case-0153,0:2;0:2;2:1;2:2,1/2,5,123,2;4;5;7,14/5;49/10;169/30;7,13;13;10;14,5,passed
case-0153,0:2;0:2;2:1;2:2,3/4,5,123,2;4;5;7,30/13;57/13;69/13;7,27;27;18;28,5,passed
case-0154,0:2;0:2;2:2;2:2,1/4,6,281,2;4;6;8,26/7;39/7;263/35;8,26/3;26/3;32/3;32/3,6,passed
case-0154,0:2;0:2;2:2;2:2,1/2,6,281,2;4;6;8,14/5;49/10;209/30;8,14;14;16;16,6,passed
case-0154,0:2;0:2;2:2;2:2,3/4,6,281,2;4;6;8,30/13;57/13;587/91;8,30;30;32;32,6,passed
case-0155,0:2;1:1;1:1;1:1,1/4,4,59,2;3;4;5,23/7;31/7;171/35;5,20/3;19/3;19/3;19/3,4,passed
case-0155,0:2;1:1;1:1;1:1,1/2,4,59,2;3;4;5,13/5;19/5;23/5;5,10;9;9;9,4,passed
case-0155,0:2;1:1;1:1;1:1,3/4,4,59,2;3;4;5,29/13;217/65;1951/455;5,20;17;17;17,4,passed
case-0156,0:2;1:1;1:1;1:2,1/4,5,136,2;3;4;6,23/7;31/7;171/35;6,7;19/3;19/3;8,5,passed
case-0156,0:2;1:1;1:1;1:2,1/2,5,136,2;3;4;6,13/5;19/5;23/5;6,11;9;9;12,5,passed
case-0156,0:2;1:1;1:1;1:2,3/4,5,136,2;3;4;6,29/13;217/65;1951/455;6,23;17;17;24,5,passed
case-0157,0:2;1:1;1:1;2:1,1/4,3,20,2;3;4;5,22/7;59/14;65/14;5,20/3;6;6;20/3,51/14,passed
case-0157,0:2;1:1;1:1;2:1,1/2,3,20,2;3;4;5,38/15;221/60;89/20;5,10;26/3;26/3;28/3,69/20,passed
case-0157,0:2;1:1;1:1;2:1,3/4,3,20,2;3;4;5,86/39;1283/390;11519/2730;5,20;50/3;50/3;52/3,8789/2730,passed
case-0158,0:2;1:1;1:1;2:2,1/4,4,59,2;3;4;6,22/7;59/14;65/14;6,20/3;6;6;8,4,passed
case-0158,0:2;1:1;1:1;2:2,1/2,4,59,2;3;4;6,38/15;221/60;89/20;6,32/3;26/3;26/3;12,4,passed
case-0158,0:2;1:1;1:1;2:2,3/4,4,59,2;3;4;6,86/39;1283/390;11519/2730;6,68/3;50/3;50/3;24,4,passed
case-0159,0:2;1:1;1:2;1:2,1/4,6,288,2;3;5;7,23/7;31/7;227/35;7,22/3;19/3;28/3;28/3,6,passed
case-0159,0:2;1:1;1:2;1:2,1/2,6,288,2;3;5;7,13/5;19/5;89/15;7,12;9;14;14,6,passed
case-0159,0:2;1:1;1:2;1:2,3/4,6,288,2;3;5;7,29/13;217/65;353/65;7,26;17;28;28,6,passed
case-0160,0:2;1:1;1:2;2:1,1/4,4,59,2;3;5;6,22/7;59/14;6;235/42,7;6;8;7,5,passed
case-0160,0:2;1:1;1:2;2:1,1/2,4,59,2;3;5;6,38/15;221/60;347/60;6,11;26/3;12;29/3,287/60,passed
case-0160,0:2;1:1;1:2;2:1,3/4,4,59,2;3;5;6,86/39;1283/390;14639/2730;6,23;50/3;24;53/3,11909/2730,passed
case-0161,0:2;1:1;1:2;2:2,1/4,5,144,2;3;5;7,22/7;59/14;437/70;7,7;6;9;28/3,367/70,passed
case-0161,0:2;1:1;1:2;2:2,1/2,5,144,2;3;5;7,38/15;221/60;347/60;7,35/3;26/3;41/3;14,5,passed
case-0161,0:2;1:1;1:2;2:2,3/4,5,144,2;3;5;7,86/39;1283/390;14639/2730;7,77/3;50/3;83/3;28,5,passed
case-0162,0:2;1:1;2:1;2:1,1/4,3,21,2;3;4;5,20/7;53/14;333/70;5,19/3;16/3;20/3;20/3,3,passed
case-0162,0:2;1:1;2:1;2:1,1/2,3,21,2;3;4;5,12/5;69/20;269/60;5,10;8;19/2;19/2,3,passed
case-0162,0:2;1:1;2:1;2:1,3/4,3,21,2;3;4;5,28/13;83/26;769/182;5,20;16;35/2;35/2,3,passed
case-0163,0:2;1:1;2:1;2:2,1/4,4,59,2;3;4;6,20/7;53/14;333/70;6,19/3;16/3;20/3;8,4,passed
case-0163,0:2;1:1;2:1;2:2,1/2,4,59,2;3;4;6,12/5;69/20;269/60;6,21/2;8;19/2;12,4,passed
case-0163,0:2;1:1;2:1;2:2,3/4,4,59,2;3;4;6,28/13;83/26;769/182;6,45/2;16;35/2;24,4,passed
case-0164,0:2;1:1;2:2;2:2,1/4,5,141,2;3;5;7,20/7;53/14;89/14;7,19/3;16/3;28/3;28/3,5,passed
case-0164,0:2;1:1;2:2;2:2,1/2,5,141,2;3;5;7,12/5;69/20;349/60;7,11;8;14;14,5,passed
case-0164,0:2;1:1;2:2;2:2,3/4,5,141,2;3;5;7,28/13;83/26;977/182;7,25;16;28;28,5,passed
case-0165,0:2;1:2;1:2;1:2,1/4,7,578,2;4;6;8,23/7;45/7;269/35;8,23/3;32/3;32/3;32/3,7,passed
case-0165,0:2;1:2;1:2;1:2,1/2,7,578,2;4;6;8,13/5;53/10;71/10;8,13;16;16;16,7,passed
case-0165,0:2;1:2;1:2;1:2,3/4,7,578,2;4;6;8,29/13;59/13;593/91;8,29;32;32;32,7,passed
case-0166,0:2;1:2;1:2;2:1,1/4,5,146,2;4;6;7,22/7;87/14;7;263/42,22/3;28/3;28/3;22/3,6,passed
case-0166,0:2;1:2;1:2;2:1,1/2,5,146,2;4;6;7,38/15;311/60;139/20;7,12;14;14;10,119/20,passed
case-0166,0:2;1:2;1:2;2:1,3/4,5,146,2;4;6;7,86/39;1751/390;17603/2730;7,26;28;28;18,14873/2730,passed
case-0167,0:2;1:2;1:2;2:2,1/4,6,322,2;4;6;8,22/7;87/14;521/70;8,22/3;31/3;31/3;32/3,451/70,passed
case-0167,0:2;1:2;1:2;2:2,1/2,6,322,2;4;6;8,38/15;311/60;139/20;8,38/3;47/3;47/3;16,6,passed
case-0167,0:2;1:2;1:2;2:2,3/4,6,322,2;4;6;8,86/39;1751/390;17603/2730;8,86/3;95/3;95/3;32,6,passed
case-0168,0:2;1:2;2:1;2:1,1/4,4,56,2;4;5;6,20/7;81/14;417/70;6,20/3;8;43/6;43/6,67/14,passed
case-0168,0:2;1:2;2:1;2:1,1/2,4,56,2;4;5;6,12/5;99/20;113/20;6,11;12;10;10,4,passed
case-0168,0:2;1:2;2:1;2:1,3/4,4,56,2;4;5;6,28/13;571/130;4833/910;6,23;24;18;18,4,passed
case-0169,0:2;1:2;2:1;2:2,1/4,5,138,2;4;5;7,20/7;81/14;417/70;7,20/3;53/6;43/6;28/3,5,passed
case-0169,0:2;1:2;2:1;2:2,1/2,5,138,2;4;5;7,12/5;99/20;113/20;7,23/2;27/2;10;14,5,passed
case-0169,0:2;1:2;2:1;2:2,3/4,5,138,2;4;5;7,28/13;571/130;4833/910;7,51/2;55/2;18;28,5,passed
case-0170,0:2;1:2;2:2;2:2,1/4,6,307,2;4;6;8,20/7;81/14;529/70;8,20/3;29/3;32/3;32/3,6,passed
case-0170,0:2;1:2;2:2;2:2,1/2,6,307,2;4;6;8,12/5;99/20;419/60;8,12;15;16;16,6,passed
case-0170,0:2;1:2;2:2;2:2,3/4,6,307,2;4;6;8,28/13;571/130;839/130;8,28;31;32;32,6,passed
case-0171,0:2;2:1;2:1;2:1,1/4,3,23,2;3;4;5,2;4;24/5;5,14/3;20/3;20/3;20/3,3,passed
case-0171,0:2;2:1;2:1;2:1,1/2,3,23,2;3;4;5,2;7/2;9/2;5,10;10;10;10,3,passed
case-0171,0:2;2:1;2:1;2:1,3/4,3,23,2;3;4;5,2;16/5;148/35;5,20;18;18;18,3,passed
case-0172,0:2;2:1;2:1;2:2,1/4,4,62,2;3;4;6,2;4;24/5;6,14/3;20/3;20/3;8,4,passed
case-0172,0:2;2:1;2:1;2:2,1/2,4,62,2;3;4;6,2;7/2;9/2;6,10;10;10;12,4,passed
case-0172,0:2;2:1;2:1;2:2,3/4,4,62,2;3;4;6,2;16/5;148/35;6,22;18;18;24,4,passed
case-0173,0:2;2:1;2:2;2:2,1/4,5,144,2;3;5;7,2;4;32/5;7,14/3;20/3;28/3;28/3,5,passed
case-0173,0:2;2:1;2:2;2:2,1/2,5,144,2;3;5;7,2;7/2;35/6;7,10;10;14;14,5,passed
case-0173,0:2;2:1;2:2;2:2,3/4,5,144,2;3;5;7,2;16/5;188/35;7,24;18;28;28,5,passed
case-0174,0:2;2:2;2:2;2:2,1/4,6,310,2;4;6;8,2;6;38/5;8,14/3;32/3;32/3;32/3,6,passed
case-0174,0:2;2:2;2:2;2:2,1/2,6,310,2;4;6;8,2;5;7;8,10;16;16;16,6,passed
case-0174,0:2;2:2;2:2;2:2,3/4,6,310,2;4;6;8,2;22/5;226/35;8,26;32;32;32,6,passed
case-0175,1:1;1:1;1:1;1:1,1/4,4,64,2;3;4;5,23/7;31/7;171/35;5,19/3;19/3;19/3;19/3,4,passed
case-0175,1:1;1:1;1:1;1:1,1/2,4,64,2;3;4;5,13/5;19/5;23/5;5,9;9;9;9,4,passed
case-0175,1:1;1:1;1:1;1:1,3/4,4,64,2;3;4;5,29/13;217/65;1951/455;5,17;17;17;17,4,passed
case-0176,1:1;1:1;1:1;1:2,1/4,5,125,2;3;4;6,23/7;31/7;171/35;6,19/3;19/3;19/3;23/3,5,passed
case-0176,1:1;1:1;1:1;1:2,1/2,5,125,2;3;4;6,13/5;19/5;23/5;6,9;9;9;11,5,passed
case-0176,1:1;1:1;1:1;1:2,3/4,5,125,2;3;4;6,29/13;217/65;1951/455;6,17;17;17;21,5,passed
case-0177,1:1;1:1;1:1;2:1,1/4,3,29,2;3;4;5,22/7;59/14;65/14;5,6;6;6;19/3,51/14,passed
case-0177,1:1;1:1;1:1;2:1,1/2,3,29,2;3;4;5,38/15;221/60;89/20;5,26/3;26/3;26/3;9,69/20,passed
case-0177,1:1;1:1;1:1;2:1,3/4,3,29,2;3;4;5,86/39;1283/390;11519/2730;5,50/3;50/3;50/3;17,8789/2730,passed
case-0178,1:1;1:1;1:1;2:2,1/4,4,62,2;3;4;6,22/7;59/14;65/14;6,6;6;6;23/3,4,passed
case-0178,1:1;1:1;1:1;2:2,1/2,4,62,2;3;4;6,38/15;221/60;89/20;6,26/3;26/3;26/3;11,4,passed
case-0178,1:1;1:1;1:1;2:2,3/4,4,62,2;3;4;6,86/39;1283/390;11519/2730;6,50/3;50/3;50/3;21,4,passed
case-0179,1:1;1:1;1:2;1:2,1/4,6,254,2;3;5;7,23/7;31/7;227/35;7,19/3;19/3;9;9,6,passed
case-0179,1:1;1:1;1:2;1:2,1/2,6,254,2;3;5;7,13/5;19/5;89/15;7,9;9;13;13,6,passed
case-0179,1:1;1:1;1:2;1:2,3/4,6,254,2;3;5;7,29/13;217/65;353/65;7,17;17;25;25,6,passed
case-0180,1:1;1:1;1:2;2:1,1/4,4,62,2;3;5;6,22/7;59/14;6;235/42,6;6;23/3;20/3,5,passed
case-0180,1:1;1:1;1:2;2:1,1/2,4,62,2;3;5;6,38/15;221/60;347/60;6,26/3;26/3;11;28/3,287/60,passed
case-0180,1:1;1:1;1:2;2:1,3/4,4,62,2;3;5;6,86/39;1283/390;14639/2730;6,50/3;50/3;21;52/3,11909/2730,passed
case-0181,1:1;1:1;1:2;2:2,1/4,5,141,2;3;5;7,22/7;59/14;437/70;7,6;6;26/3;9,367/70,passed
case-0181,1:1;1:1;1:2;2:2,1/2,5,141,2;3;5;7,38/15;221/60;347/60;7,26/3;26/3;38/3;13,5,passed
case-0181,1:1;1:1;1:2;2:2,3/4,5,141,2;3;5;7,86/39;1283/390;14639/2730;7,50/3;50/3;74/3;25,5,passed
case-0182,1:1;1:1;2:1;2:1,1/4,3,29,2;3;4;5,20/7;53/14;333/70;5,16/3;16/3;19/3;19/3,3,passed
case-0182,1:1;1:1;2:1;2:1,1/2,3,29,2;3;4;5,12/5;69/20;269/60;5,8;8;9;9,3,passed
case-0182,1:1;1:1;2:1;2:1,3/4,3,29,2;3;4;5,28/13;83/26;769/182;5,16;16;17;17,3,passed
case-0183,1:1;1:1;2:1;2:2,1/4,4,63,2;3;4;6,20/7;53/14;333/70;6,16/3;16/3;19/3;23/3,4,passed
case-0183,1:1;1:1;2:1;2:2,1/2,4,63,2;3;4;6,12/5;69/20;269/60;6,8;8;9;11,4,passed
case-0183,1:1;1:1;2:1;2:2,3/4,4,63,2;3;4;6,28/13;83/26;769/182;6,16;16;17;21,4,passed
case-0184,1:1;1:1;2:2;2:2,1/4,5,142,2;3;5;7,20/7;53/14;89/14;7,16/3;16/3;9;9,5,passed
case-0184,1:1;1:1;2:2;2:2,1/2,5,142,2;3;5;7,12/5;69/20;349/60;7,8;8;13;13,5,passed
case-0184,1:1;1:1;2:2;2:2,3/4,5,142,2;3;5;7,28/13;83/26;977/182;7,16;16;25;25,5,passed
case-0185,1:1;1:2;1:2;1:2,1/4,7,493,2;4;6;8,23/7;45/7;269/35;8,19/3;31/3;31/3;31/3,7,passed
case-0185,1:1;1:2;1:2;1:2,1/2,7,493,2;4;6;8,13/5;53/10;71/10;8,9;15;15;15,7,passed
case-0185,1:1;1:2;1:2;1:2,3/4,7,493,2;4;6;8,29/13;59/13;593/91;8,17;29;29;29,7,passed
case-0186,1:1;1:2;1:2;2:1,1/4,5,142,2;4;6;7,22/7;87/14;7;263/42,6;9;9;7,6,passed
case-0186,1:1;1:2;1:2;2:1,1/2,5,142,2;4;6;7,38/15;311/60;139/20;7,26/3;13;13;29/3,119/20,passed
case-0186,1:1;1:2;1:2;2:1,3/4,5,142,2;4;6;7,86/39;1751/390;17603/2730;7,50/3;25;25;53/3,14873/2730,passed
case-0187,1:1;1:2;1:2;2:2,1/4,6,297,2;4;6;8,22/7;87/14;521/70;8,6;10;10;31/3,451/70,passed
case-0187,1:1;1:2;1:2;2:2,1/2,6,297,2;4;6;8,38/15;311/60;139/20;8,26/3;44/3;44/3;15,6,passed
case-0187,1:1;1:2;1:2;2:2,3/4,6,297,2;4;6;8,86/39;1751/390;17603/2730;8,50/3;86/3;86/3;29,6,passed
case-0188,1:1;1:2;2:1;2:1,1/4,4,61,2;4;5;6,20/7;81/14;417/70;6,16/3;23/3;41/6;41/6,67/14,passed
case-0188,1:1;1:2;2:1;2:1,1/2,4,61,2;4;5;6,12/5;99/20;113/20;6,8;11;19/2;19/2,4,passed
case-0188,1:1;1:2;2:1;2:1,3/4,4,61,2;4;5;6,28/13;571/130;4833/910;6,16;21;35/2;35/2,4,passed
case-0189,1:1;1:2;2:1;2:2,1/4,5,139,2;4;5;7,20/7;81/14;417/70;7,16/3;17/2;41/6;9,5,passed
case-0189,1:1;1:2;2:1;2:2,1/2,5,139,2;4;5;7,12/5;99/20;113/20;7,8;25/2;19/2;13,5,passed
case-0189,1:1;1:2;2:1;2:2,3/4,5,139,2;4;5;7,28/13;571/130;4833/910;7,16;49/2;35/2;25,5,passed
case-0190,1:1;1:2;2:2;2:2,1/4,6,292,2;4;6;8,20/7;81/14;529/70;8,16/3;28/3;31/3;31/3,6,passed
case-0190,1:1;1:2;2:2;2:2,1/2,6,292,2;4;6;8,12/5;99/20;419/60;8,8;14;15;15,6,passed
case-0190,1:1;1:2;2:2;2:2,3/4,6,292,2;4;6;8,28/13;571/130;839/130;8,16;28;29;29,6,passed
case-0191,1:1;2:1;2:1;2:1,1/4,3,33,2;3;4;5,2;4;24/5;5,10/3;19/3;19/3;19/3,3,passed
case-0191,1:1;2:1;2:1;2:1,1/2,3,33,2;3;4;5,2;7/2;9/2;5,6;9;9;9,3,passed
case-0191,1:1;2:1;2:1;2:1,3/4,3,33,2;3;4;5,2;16/5;148/35;5,14;17;17;17,3,passed
case-0192,1:1;2:1;2:1;2:2,1/4,4,66,2;3;4;6,2;4;24/5;6,10/3;19/3;19/3;23/3,4,passed
case-0192,1:1;2:1;2:1;2:2,1/2,4,66,2;3;4;6,2;7/2;9/2;6,6;9;9;11,4,passed
case-0192,1:1;2:1;2:1;2:2,3/4,4,66,2;3;4;6,2;16/5;148/35;6,14;17;17;21,4,passed
case-0193,1:1;2:1;2:2;2:2,1/4,5,148,2;3;5;7,2;4;32/5;7,10/3;19/3;9;9,5,passed
case-0193,1:1;2:1;2:2;2:2,1/2,5,148,2;3;5;7,2;7/2;35/6;7,6;9;13;13,5,passed
case-0193,1:1;2:1;2:2;2:2,3/4,5,148,2;3;5;7,2;16/5;188/35;7,14;17;25;25,5,passed
case-0194,1:1;2:2;2:2;2:2,1/4,6,307,2;4;6;8,2;6;38/5;8,10/3;31/3;31/3;31/3,6,passed
case-0194,1:1;2:2;2:2;2:2,1/2,6,307,2;4;6;8,2;5;7;8,6;15;15;15,6,passed
case-0194,1:1;2:2;2:2;2:2,3/4,6,307,2;4;6;8,2;22/5;226/35;8,14;29;29;29,6,passed
case-0195,1:2;1:2;1:2;1:2,1/4,8,927,3;5;7;9,39/7;55/7;307/35;9,35/3;35/3;35/3;35/3,8,passed
case-0195,1:2;1:2;1:2;1:2,1/2,8,927,3;5;7;9,21/5;33/5;41/5;9,17;17;17;17,8,passed
case-0195,1:2;1:2;1:2;1:2,3/4,8,927,3;5;7;9,45/13;369/65;3447/455;9,33;33;33;33,8,passed
case-0196,1:2;1:2;1:2;2:1,1/4,6,299,3;5;7;8,38/7;262/35;8;48/7,31/3;31/3;31/3;22/3,7,passed
case-0196,1:2;1:2;1:2;2:1,1/2,6,299,3;5;7;8,62/15;389/60;8;157/20,15;15;15;10,7,passed
case-0196,1:2;1:2;1:2;2:1,3/4,6,299,3;5;7;8,134/39;439/78;4099/546;8,29;29;29;18,3553/546,passed
case-0197,1:2;1:2;1:2;2:2,1/4,7,594,3;5;7;9,38/7;107/14;597/70;9,34/3;34/3;34/3;35/3,527/70,passed
case-0197,1:2;1:2;1:2;2:2,1/2,7,594,3;5;7;9,62/15;389/60;161/20;9,50/3;50/3;50/3;17,141/20,passed
case-0197,1:2;1:2;1:2;2:2,3/4,7,594,3;5;7;9,134/39;439/78;4099/546;9,98/3;98/3;98/3;33,7,passed
case-0198,1:2;1:2;2:1;2:1,1/4,5,139,3;5;6;7,36/7;7;95/14;95/14,9;9;22/3;22/3,6,passed
case-0198,1:2;1:2;2:1;2:1,1/2,5,139,3;5;6;7,4;25/4;27/4;7,13;13;10;10,21/4,passed
case-0198,1:2;1:2;2:1;2:1,3/4,5,139,3;5;6;7,44/13;719/130;5797/910;7,25;25;18;18,5,passed
case-0199,1:2;1:2;2:1;2:2,1/4,6,292,3;5;6;8,36/7;499/70;95/14;8,59/6;59/6;22/3;31/3,429/70,passed
case-0199,1:2;1:2;2:1;2:2,1/2,6,292,3;5;6;8,4;25/4;27/4;8,29/2;29/2;10;15,6,passed
case-0199,1:2;1:2;2:1;2:2,3/4,6,292,3;5;6;8,44/13;719/130;5797/910;8,57/2;57/2;18;29,6,passed
case-0200,1:2;1:2;2:2;2:2,1/4,7,583,3;5;7;9,36/7;101/14;121/14;9,32/3;32/3;35/3;35/3,7,passed
case-0200,1:2;1:2;2:2;2:2,1/2,7,583,3;5;7;9,4;25/4;97/12;9,16;16;17;17,7,passed
case-0200,1:2;1:2;2:2;2:2,3/4,7,583,3;5;7;9,44/13;719/130;6837/910;9,32;32;33;33,7,passed
case-0201,1:2;2:1;2:1;2:1,1/4,4,62,3;4;5;6,30/7;38/7;206/35;6,23/3;22/3;22/3;22/3,4,passed
case-0201,1:2;2:1;2:1;2:1,1/2,4,62,3;4;5;6,18/5;24/5;28/5;6,11;10;10;10,4,passed
case-0201,1:2;2:1;2:1;2:1,3/4,4,62,3;4;5;6,42/13;282/65;2406/455;6,21;18;18;18,4,passed
case-0202,1:2;2:1;2:1;2:2,1/4,5,140,3;4;5;7,30/7;38/7;206/35;7,8;22/3;22/3;9,5,passed
case-0202,1:2;2:1;2:1;2:2,1/2,5,140,3;4;5;7,18/5;24/5;28/5;7,12;10;10;13,5,passed
case-0202,1:2;2:1;2:1;2:2,3/4,5,140,3;4;5;7,42/13;282/65;2406/455;7,24;18;18;25,5,passed
case-0203,1:2;2:1;2:2;2:2,1/4,6,293,3;4;6;8,30/7;38/7;262/35;8,25/3;22/3;31/3;31/3,6,passed
case-0203,1:2;2:1;2:2;2:2,1/2,6,293,3;4;6;8,18/5;24/5;104/15;8,13;10;15;15,6,passed
case-0203,1:2;2:1;2:2;2:2,3/4,6,293,3;4;6;8,42/13;282/65;418/65;8,27;18;29;29,6,passed
case-0204,1:2;2:2;2:2;2:2,1/4,7,584,3;5;7;9,30/7;52/7;304/35;9,26/3;35/3;35/3;35/3,7,passed
case-0204,1:2;2:2;2:2;2:2,1/2,7,584,3;5;7;9,18/5;63/10;81/10;9,14;17;17;17,7,passed
case-0204,1:2;2:2;2:2;2:2,3/4,7,584,3;5;7;9,42/13;72/13;684/91;9,30;33;33;33,7,passed
case-0205,2:1;2:1;2:1;2:1,1/4,4,68,3;4;5;6,30/7;38/7;206/35;6,22/3;22/3;22/3;22/3,4,passed
case-0205,2:1;2:1;2:1;2:1,1/2,4,68,3;4;5;6,18/5;24/5;28/5;6,10;10;10;10,4,passed
case-0205,2:1;2:1;2:1;2:1,3/4,4,68,3;4;5;6,42/13;282/65;2406/455;6,18;18;18;18,4,passed
case-0206,2:1;2:1;2:1;2:2,1/4,5,129,3;4;5;7,30/7;38/7;206/35;7,22/3;22/3;22/3;26/3,5,passed
case-0206,2:1;2:1;2:1;2:2,1/2,5,129,3;4;5;7,18/5;24/5;28/5;7,10;10;10;12,5,passed
case-0206,2:1;2:1;2:1;2:2,3/4,5,129,3;4;5;7,42/13;282/65;2406/455;7,18;18;18;22,5,passed
case-0207,2:1;2:1;2:2;2:2,1/4,6,259,3;4;6;8,30/7;38/7;262/35;8,22/3;22/3;10;10,6,passed
case-0207,2:1;2:1;2:2;2:2,1/2,6,259,3;4;6;8,18/5;24/5;104/15;8,10;10;14;14,6,passed
case-0207,2:1;2:1;2:2;2:2,3/4,6,259,3;4;6;8,42/13;282/65;418/65;8,18;18;26;26,6,passed
case-0208,2:1;2:2;2:2;2:2,1/4,7,499,3;5;7;9,30/7;52/7;304/35;9,22/3;34/3;34/3;34/3,7,passed
case-0208,2:1;2:2;2:2;2:2,1/2,7,499,3;5;7;9,18/5;63/10;81/10;9,10;16;16;16,7,passed
case-0208,2:1;2:2;2:2;2:2,3/4,7,499,3;5;7;9,42/13;72/13;684/91;9,18;30;30;30,7,passed
case-0209,2:2;2:2;2:2;2:2,1/4,8,934,4;6;8;10,46/7;62/7;342/35;10,38/3;38/3;38/3;38/3,8,passed
case-0209,2:2;2:2;2:2;2:2,1/2,8,934,4;6;8;10,26/5;38/5;46/5;10,18;18;18;18,8,passed
case-0209,2:2;2:2;2:2;2:2,3/4,8,934,4;6;8;10,58/13;434/65;3902/455;10,34;34;34;34,8,passed
case-0210,0:1;0:1;0:1;0:1;0:1,1/4,5,165,1;2;3;4;5,5/2;55/14;65/14;69/14;5,20/3;20/3;20/3;20/3;20/3,5,passed
case-0210,0:1;0:1;0:1;0:1;0:1,1/2,5,165,1;2;3;4;5,5/3;3;4;14/3;5,10;10;10;10;10,5,passed
case-0210,0:1;0:1;0:1;0:1;0:1,3/4,5,165,1;2;3;4;5,5/4;125/52;179/52;1577/364;5,20;20;20;20;20,5,passed
case-0211,0:1;0:1;0:1;0:1;0:2,1/4,6,327,1;2;3;4;6,5/2;55/14;65/14;69/14;6,20/3;20/3;20/3;20/3;8,6,passed
case-0211,0:1;0:1;0:1;0:1;0:2,1/2,6,327,1;2;3;4;6,5/3;3;4;14/3;6,10;10;10;10;12,6,passed
case-0211,0:1;0:1;0:1;0:1;0:2,3/4,6,327,1;2;3;4;6,5/4;125/52;179/52;1577/364;6,20;20;20;20;24,6,passed
case-0212,0:1;0:1;0:1;0:1;1:1,1/4,4,82,1;2;3;4;5,77/32;121/32;143/32;759/160;5,77/12;77/12;77/12;77/12;20/3,759/160,passed
case-0212,0:1;0:1;0:1;0:1;1:1,1/2,4,82,1;2;3;4;5,13/8;117/40;39/10;91/20;5,39/4;39/4;39/4;39/4;10,91/20,passed
case-0212,0:1;0:1;0:1;0:1;1:1,3/4,4,82,1;2;3;4;5,79/64;1975/832;14141/4160;124583/29120;5,79/4;79/4;79/4;79/4;20,124583/29120,passed
case-0213,0:1;0:1;0:1;0:1;1:2,1/4,5,179,1;2;3;4;6,77/32;121/32;143/32;759/160;6,77/12;77/12;77/12;77/12;8,5,passed
case-0213,0:1;0:1;0:1;0:1;1:2,1/2,5,179,1;2;3;4;6,13/8;117/40;39/10;91/20;6,39/4;39/4;39/4;39/4;12,5,passed
case-0213,0:1;0:1;0:1;0:1;1:2,3/4,5,179,1;2;3;4;6,79/64;1975/832;14141/4160;124583/29120;6,79/4;79/4;79/4;79/4;24,5,passed
case-0214,0:1;0:1;0:1;0:1;2:1,1/4,4,72,1;2;3;4;5,37/16;407/112;481/112;2553/560;5,37/6;37/6;37/6;37/6;20/3,2553/560,passed
case-0214,0:1;0:1;0:1;0:1;2:1,1/2,4,72,1;2;3;4;5,8/5;214/75;569/150;221/50;5,19/2;19/2;19/2;19/2;10,221/50,passed
case-0214,0:1;0:1;0:1;0:1;2:1,3/4,4,72,1;2;3;4;5,16/13;1190/507;8497/2535;74761/17745;5,39/2;39/2;39/2;39/2;20,74761/17745,passed
case-0215,0:1;0:1;0:1;0:1;2:2,1/4,4,67,1;2;3;4;6,37/16;407/112;481/112;2553/560;6,37/6;37/6;37/6;37/6;8,2553/560,passed
case-0215,0:1;0:1;0:1;0:1;2:2,1/2,4,67,1;2;3;4;6,8/5;214/75;569/150;221/50;6,19/2;19/2;19/2;19/2;12,221/50,passed
case-0215,0:1;0:1;0:1;0:1;2:2,3/4,4,67,1;2;3;4;6,16/13;1190/507;8497/2535;74761/17745;6,39/2;39/2;39/2;39/2;24,74761/17745,passed
case-0216,0:1;0:1;0:1;0:2;0:2,1/4,7,642,1;2;3;5;7,5/2;55/14;65/14;457/70;7,20/3;20/3;20/3;28/3;28/3,7,passed
case-0216,0:1;0:1;0:1;0:2;0:2,1/2,7,642,1;2;3;5;7,5/3;3;4;6;7,10;10;10;14;14,7,passed
case-0216,0:1;0:1;0:1;0:2;0:2,3/4,7,642,1;2;3;5;7,5/4;125/52;179/52;1993/364;7,20;20;20;28;28,7,passed
case-0217,0:1;0:1;0:1;0:2;1:1,1/4,5,180,1;2;3;5;6,77/32;121/32;143/32;6;521/96,77/12;77/12;77/12;8;83/12,6,passed
case-0217,0:1;0:1;0:1;0:2;1:1,1/2,5,180,1;2;3;5;6,13/8;117/40;39/10;353/60;6,39/4;39/4;39/4;12;41/4,353/60,passed
case-0217,0:1;0:1;0:1;0:2;1:1,3/4,5,180,1;2;3;5;6,79/64;1975/832;14141/4160;157863/29120;6,79/4;79/4;79/4;24;81/4,157863/29120,passed
case-0218,0:1;0:1;0:1;0:2;1:2,1/4,6,384,1;2;3;5;7,77/32;121/32;143/32;203/32;7,77/12;77/12;77/12;109/12;28/3,203/32,passed
case-0218,0:1;0:1;0:1;0:2;1:2,1/2,6,384,1;2;3;5;7,13/8;117/40;39/10;353/60;7,39/4;39/4;39/4;55/4;14,6,passed
case-0218,0:1;0:1;0:1;0:2;1:2,3/4,6,384,1;2;3;5;7,79/64;1975/832;14141/4160;157863/29120;7,79/4;79/4;79/4;111/4;28,6,passed
case-0219,0:1;0:1;0:1;0:2;2:1,1/4,5,165,1;2;3;5;6,37/16;407/112;481/112;6;1927/336,37/6;37/6;37/6;8;43/6,6,passed
case-0219,0:1;0:1;0:1;0:2;2:1,1/2,5,165,1;2;3;5;6,8/5;214/75;569/150;863/150;6,19/2;19/2;19/2;12;21/2,863/150,passed
case-0219,0:1;0:1;0:1;0:2;2:1,3/4,5,165,1;2;3;5;6,16/13;1190/507;8497/2535;95041/17745;6,39/2;39/2;39/2;24;41/2,95041/17745,passed
case-0220,0:1;0:1;0:1;0:2;2:2,1/4,5,178,1;2;3;5;7,37/16;407/112;481/112;3449/560;7,37/6;37/6;37/6;53/6;28/3,3449/560,passed
case-0220,0:1;0:1;0:1;0:2;2:2,1/2,5,178,1;2;3;5;7,8/5;214/75;569/150;863/150;7,19/2;19/2;19/2;27/2;14,863/150,passed
case-0220,0:1;0:1;0:1;0:2;2:2,3/4,5,178,1;2;3;5;7,16/13;1190/507;8497/2535;95041/17745;7,39/2;39/2;39/2;55/2;28,95041/17745,passed
case-0221,0:1;0:1;0:1;1:1;1:1,1/4,4,80,1;2;3;4;5,9/4;99/28;117/28;677/140;5,6;6;6;20/3;20/3,117/28,passed
case-0221,0:1;0:1;0:1;1:1;1:1,1/2,4,80,1;2;3;4;5,14/9;14/5;56/15;206/45;5,28/3;28/3;28/3;10;10,4,passed
case-0221,0:1;0:1;0:1;1:1;1:1,3/4,4,80,1;2;3;4;5,29/24;725/312;5191/1560;15591/3640;5,58/3;58/3;58/3;20;20,4,passed
case-0222,0:1;0:1;0:1;1:1;1:2,1/4,5,177,1;2;3;4;6,9/4;99/28;117/28;677/140;6,6;6;6;20/3;8,5,passed
case-0222,0:1;0:1;0:1;1:1;1:2,1/2,5,177,1;2;3;4;6,14/9;14/5;56/15;206/45;6,28/3;28/3;28/3;10;12,5,passed
case-0222,0:1;0:1;0:1;1:1;1:2,3/4,5,177,1;2;3;4;6,29/24;725/312;5191/1560;15591/3640;6,58/3;58/3;58/3;20;24,5,passed
case-0223,0:1;0:1;0:1;1:1;2:1,1/4,3,27,1;2;3;4;5,69/32;759/224;897/224;5209/1120;5,23/4;23/4;23/4;77/12;20/3,897/224,passed
case-0223,0:1;0:1;0:1;1:1;2:1,1/2,3,27,1;2;3;4;5,23/15;614/225;3263/900;4001/900;5,109/12;109/12;109/12;39/4;10,3263/900,passed
case-0223,0:1;0:1;0:1;1:1;2:1,3/4,3,27,1;2;3;4;5,47/39;3494/1521;49889/15210;64151/15210;5,229/12;229/12;229/12;79/4;20,49889/15210,passed
case-0224,0:1;0:1;0:1;1:1;2:2,1/4,4,70,1;2;3;4;6,69/32;759/224;897/224;5209/1120;6,23/4;23/4;23/4;77/12;8,897/224,passed
case-0224,0:1;0:1;0:1;1:1;2:2,1/2,4,70,1;2;3;4;6,23/15;614/225;3263/900;4001/900;6,109/12;109/12;109/12;39/4;12,4,passed
case-0224,0:1;0:1;0:1;1:1;2:2,3/4,4,70,1;2;3;4;6,47/39;3494/1521;49889/15210;64151/15210;6,229/12;229/12;229/12;79/4;24,4,passed
case-0225,0:1;0:1;0:1;1:2;1:2,1/4,6,379,1;2;3;5;7,9/4;99/28;117/28;901/140;7,6;6;6;28/3;28/3,6,passed
case-0225,0:1;0:1;0:1;1:2;1:2,1/2,6,379,1;2;3;5;7,14/9;14/5;56/15;266/45;7,28/3;28/3;28/3;14;14,6,passed
case-0225,0:1;0:1;0:1;1:2;1:2,3/4,6,379,1;2;3;5;7,29/24;725/312;5191/1560;19751/3640;7,58/3;58/3;58/3;28;28,6,passed
case-0226,0:1;0:1;0:1;1:2;2:1,1/4,4,72,1;2;3;5;6,69/32;759/224;897/224;6;3751/672,23/4;23/4;23/4;8;83/12,5,passed
case-0226,0:1;0:1;0:1;1:2;2:1,1/2,4,72,1;2;3;5;6,23/15;614/225;3263/900;5201/900;6,109/12;109/12;109/12;12;41/4,4301/900,passed
case-0226,0:1;0:1;0:1;1:2;2:1,3/4,4,72,1;2;3;5;6,47/39;3494/1521;49889/15210;570737/106470;6,229/12;229/12;229/12;24;81/4,464267/106470,passed
case-0227,0:1;0:1;0:1;1:2;2:2,1/4,5,180,1;2;3;5;7,69/32;759/224;897/224;7001/1120;7,23/4;23/4;23/4;109/12;28/3,5881/1120,passed
case-0227,0:1;0:1;0:1;1:2;2:2,1/2,5,180,1;2;3;5;7,23/15;614/225;3263/900;5201/900;7,109/12;109/12;109/12;55/4;14,5,passed
case-0227,0:1;0:1;0:1;1:2;2:2,3/4,5,180,1;2;3;5;7,47/39;3494/1521;49889/15210;570737/106470;7,229/12;229/12;229/12;111/4;28,5,passed
case-0228,0:1;0:1;0:1;2:1;2:1,1/4,3,23,1;2;3;4;5,2;22/7;26/7;166/35;5,16/3;16/3;16/3;20/3;20/3,26/7,passed
case-0228,0:1;0:1;0:1;2:1;2:1,1/2,3,23,1;2;3;4;5,3/2;13/5;137/40;179/40;5,26/3;26/3;26/3;10;10,137/40,passed
case-0228,0:1;0:1;0:1;2:1;2:1,3/4,3,23,1;2;3;4;5,6/5;146/65;1036/325;9608/2275;5,56/3;56/3;56/3;20;20,1036/325,passed
case-0229,0:1;0:1;0:1;2:1;2:2,1/4,4,61,1;2;3;4;6,2;22/7;26/7;166/35;6,16/3;16/3;16/3;20/3;8,4,passed
case-0229,0:1;0:1;0:1;2:1;2:2,1/2,4,61,1;2;3;4;6,3/2;13/5;137/40;179/40;6,26/3;26/3;26/3;10;12,4,passed
case-0229,0:1;0:1;0:1;2:1;2:2,3/4,4,61,1;2;3;4;6,6/5;146/65;1036/325;9608/2275;6,56/3;56/3;56/3;20;24,4,passed
case-0230,0:1;0:1;0:1;2:2;2:2,1/4,5,156,1;2;3;5;7,2;22/7;26/7;222/35;7,16/3;16/3;16/3;28/3;28/3,5,passed
case-0230,0:1;0:1;0:1;2:2;2:2,1/2,5,156,1;2;3;5;7,3/2;13/5;137/40;697/120;7,26/3;26/3;26/3;14;14,5,passed
case-0230,0:1;0:1;0:1;2:2;2:2,3/4,5,156,1;2;3;5;7,6/5;146/65;1036/325;1744/325;7,56/3;56/3;56/3;28;28,5,passed
case-0231,0:1;0:1;0:2;0:2;0:2,1/4,8,1216,1;2;4;6;8,5/2;55/14;93/14;541/70;8,20/3;20/3;32/3;32/3;32/3,8,passed
case-0231,0:1;0:1;0:2;0:2;0:2,1/2,8,1216,1;2;4;6;8,5/3;3;11/2;43/6;8,10;10;16;16;16,8,passed
case-0231,0:1;0:1;0:2;0:2;0:2,3/4,8,1216,1;2;4;6;8,5/4;125/52;1207/260;11941/1820;8,20;20;32;32;32,8,passed
case-0232,0:1;0:1;0:2;0:2;1:1,1/4,6,386,1;2;4;6;7,77/32;121/32;1017/160;7;189/32,77/12;77/12;28/3;28/3;43/6,7,passed
case-0232,0:1;0:1;0:2;0:2;1:1,1/2,6,386,1;2;4;6;7,13/8;117/40;27/5;7;137/20,39/4;39/4;14;14;21/2,7,passed
case-0232,0:1;0:1;0:2;0:2;1:1,3/4,6,386,1;2;4;6;7,79/64;1975/832;19133/4160;189479/29120;7,79/4;79/4;28;28;41/2,189479/29120,passed
case-0233,0:1;0:1;0:2;0:2;1:2,1/4,7,776,1;2;4;6;8,77/32;121/32;207/32;1207/160;8,77/12;77/12;125/12;125/12;32/3,1207/160,passed
case-0233,0:1;0:1;0:2;0:2;1:2,1/2,7,776,1;2;4;6;8,13/8;117/40;27/5;141/20;8,39/4;39/4;63/4;63/4;16,141/20,passed
case-0233,0:1;0:1;0:2;0:2;1:2,3/4,7,776,1;2;4;6;8,79/64;1975/832;19133/4160;189479/29120;8,79/4;79/4;127/4;127/4;32,7,passed
case-0234,0:1;0:1;0:2;0:2;2:1,1/4,6,366,1;2;4;6;7,37/16;407/112;705/112;7;717/112,37/6;37/6;28/3;28/3;23/3,7,passed
case-0234,0:1;0:1;0:2;0:2;2:1,1/2,6,366,1;2;4;6;7,8/5;214/75;397/75;173/25;7,19/2;19/2;14;14;11,173/25,passed
case-0234,0:1;0:1;0:2;0:2;2:1,3/4,6,366,1;2;4;6;7,16/13;1190/507;11539/2535;114307/17745;7,39/2;39/2;28;28;21,114307/17745,passed
case-0235,0:1;0:1;0:2;0:2;2:2,1/4,6,416,1;2;4;6;8,37/16;407/112;705/112;4121/560;8,37/6;37/6;61/6;61/6;32/3,4121/560,passed
case-0235,0:1;0:1;0:2;0:2;2:2,1/2,6,416,1;2;4;6;8,8/5;214/75;397/75;173/25;8,19/2;19/2;31/2;31/2;16,173/25,passed
case-0235,0:1;0:1;0:2;0:2;2:2,3/4,6,416,1;2;4;6;8,16/13;1190/507;11539/2535;114307/17745;8,39/2;39/2;63/2;63/2;32,114307/17745,passed
case-0236,0:1;0:1;0:2;1:1;1:1,1/4,5,177,1;2;4;5;6,9/4;99/28;6;163/28;163/28,6;6;8;7;7,6,passed
case-0236,0:1;0:1;0:2;1:1;1:1,1/2,5,177,1;2;4;5;6,14/9;14/5;157/30;517/90;6,28/3;28/3;12;31/3;31/3,157/30,passed
case-0236,0:1;0:1;0:2;1:1;1:1,3/4,5,177,1;2;4;5;6,29/24;725/312;7063/1560;19543/3640;6,58/3;58/3;24;61/3;61/3,5,passed
case-0237,0:1;0:1;0:2;1:1;1:2,1/4,6,379,1;2;4;5;7,9/4;99/28;171/28;163/28;7,6;6;9;7;28/3,171/28,passed
case-0237,0:1;0:1;0:2;1:1;1:2,1/2,6,379,1;2;4;5;7,14/9;14/5;157/30;517/90;7,28/3;28/3;41/3;31/3;14,6,passed
case-0237,0:1;0:1;0:2;1:1;1:2,3/4,6,379,1;2;4;5;7,29/24;725/312;7063/1560;19543/3640;7,58/3;58/3;83/3;61/3;28,6,passed
case-0238,0:1;0:1;0:2;1:1;2:1,1/4,4,72,1;2;4;5;6,69/32;759/224;6639/1120;1259/224;6,23/4;23/4;8;27/4;29/4,6639/1120,passed
case-0238,0:1;0:1;0:2;1:1;2:1,1/2,4,72,1;2;4;5;6,23/15;614/225;4613/900;5051/900;6,109/12;109/12;12;121/12;127/12,4613/900,passed
case-0238,0:1;0:1;0:2;1:1;2:1,3/4,4,72,1;2;4;5;6,47/39;3494/1521;68141/15210;564653/106470;6,229/12;229/12;24;241/12;247/12,68141/15210,passed
case-0239,0:1;0:1;0:2;1:1;2:2,1/4,5,180,1;2;4;5;7,69/32;759/224;6639/1120;1259/224;7,23/4;23/4;35/4;27/4;28/3,6639/1120,passed
case-0239,0:1;0:1;0:2;1:1;2:2,1/2,5,180,1;2;4;5;7,23/15;614/225;4613/900;5051/900;7,109/12;109/12;161/12;121/12;14,4613/900,passed
case-0239,0:1;0:1;0:2;1:1;2:2,3/4,5,180,1;2;4;5;7,47/39;3494/1521;68141/15210;564653/106470;7,229/12;229/12;329/12;241/12;28,5,passed
case-0240,0:1;0:1;0:2;1:2;1:2,1/4,7,765,1;2;4;6;8,9/4;99/28;173/28;1069/140;8,6;6;10;32/3;32/3,7,passed
case-0240,0:1;0:1;0:2;1:2;1:2,1/2,7,765,1;2;4;6;8,14/9;14/5;157/30;637/90;8,28/3;28/3;46/3;16;16,7,passed
case-0240,0:1;0:1;0:2;1:2;1:2,3/4,7,765,1;2;4;6;8,29/24;725/312;7063/1560;23703/3640;8,58/3;58/3;94/3;32;32,7,passed
case-0241,0:1;0:1;0:2;1:2;2:1,1/4,5,186,1;2;4;6;7,69/32;759/224;1345/224;7;4199/672,23/4;23/4;9;28/3;15/2,1345/224,passed
case-0241,0:1;0:1;0:2;1:2;2:1,1/2,5,186,1;2;4;6;7,23/15;614/225;4613/900;6251/900;7,109/12;109/12;41/3;14;65/6,5351/900,passed
case-0241,0:1;0:1;0:2;1:2;2:1,3/4,5,186,1;2;4;6;7,47/39;3494/1521;68141/15210;686333/106470;7,229/12;229/12;83/3;28;125/6,579863/106470,passed
case-0242,0:1;0:1;0:2;1:2;2:2,1/4,6,414,1;2;4;6;8,69/32;759/224;1345/224;1669/224;8,23/4;23/4;39/4;125/12;32/3,1445/224,passed
case-0242,0:1;0:1;0:2;1:2;2:2,1/2,6,414,1;2;4;6;8,23/15;614/225;4613/900;6251/900;8,109/12;109/12;181/12;63/4;16,6,passed
case-0242,0:1;0:1;0:2;1:2;2:2,3/4,6,414,1;2;4;6;8,47/39;3494/1521;68141/15210;686333/106470;8,229/12;229/12;373/12;127/4;32,6,passed
case-0243,0:1;0:1;0:2;2:1;2:1,1/4,4,60,1;2;4;5;6,2;22/7;40/7;208/35;6,16/3;16/3;8;22/3;22/3,40/7,passed
case-0243,0:1;0:1;0:2;2:1;2:1,1/2,4,60,1;2;4;5;6,3/2;13/5;197/40;677/120;6,26/3;26/3;12;32/3;32/3,197/40,passed
case-0243,0:1;0:1;0:2;2:1;2:1,3/4,4,60,1;2;4;5;6,6/5;146/65;1426/325;12078/2275;6,56/3;56/3;24;62/3;62/3,1426/325,passed
case-0244,0:1;0:1;0:2;2:1;2:2,1/4,5,159,1;2;4;5;7,2;22/7;40/7;208/35;7,16/3;16/3;26/3;22/3;28/3,40/7,passed
case-0244,0:1;0:1;0:2;2:1;2:2,1/2,5,159,1;2;4;5;7,3/2;13/5;197/40;677/120;7,26/3;26/3;40/3;32/3;14,5,passed
case-0244,0:1;0:1;0:2;2:1;2:2,3/4,5,159,1;2;4;5;7,6/5;146/65;1426/325;12078/2275;7,56/3;56/3;82/3;62/3;28,5,passed
case-0245,0:1;0:1;0:2;2:2;2:2,1/4,6,366,1;2;4;6;8,2;22/7;40/7;264/35;8,16/3;16/3;28/3;32/3;32/3,6,passed
case-0245,0:1;0:1;0:2;2:2;2:2,1/2,6,366,1;2;4;6;8,3/2;13/5;197/40;279/40;8,26/3;26/3;44/3;16;16,6,passed
case-0245,0:1;0:1;0:2;2:2;2:2,3/4,6,366,1;2;4;6;8,6/5;146/65;1426/325;14678/2275;8,56/3;56/3;92/3;32;32,6,passed
case-0246,0:1;0:1;1:1;1:1;1:1,1/4,4,80,1;2;3;4;5,31/16;341/112;487/112;2727/560;5,31/6;31/6;20/3;20/3;20/3,4,passed
case-0246,0:1;0:1;1:1;1:1;1:1,1/2,4,80,1;2;3;4;5,17/12;51/20;151/40;551/120;5,17/2;17/2;10;10;10,4,passed
case-0246,0:1;0:1;1:1;1:1;1:1,3/4,4,80,1;2;3;4;5,37/32;925/416;1387/416;1783/416;5,37/2;37/2;20;20;20,4,passed
case-0247,0:1;0:1;1:1;1:1;1:2,1/4,5,178,1;2;3;4;6,31/16;341/112;487/112;2727/560;6,31/6;31/6;20/3;20/3;8,5,passed
case-0247,0:1;0:1;1:1;1:1;1:2,1/2,5,178,1;2;3;4;6,17/12;51/20;151/40;551/120;6,17/2;17/2;10;10;12,5,passed
case-0247,0:1;0:1;1:1;1:1;1:2,3/4,5,178,1;2;3;4;6,37/32;925/416;1387/416;1783/416;6,37/2;37/2;20;20;24,5,passed
case-0248,0:1;0:1;1:1;1:1;2:1,1/4,3,28,1;2;3;4;5,13/7;142/49;817/196;4583/980;5,59/12;59/12;77/12;77/12;20/3,3603/980,passed
case-0248,0:1;0:1;1:1;1:1;2:1,1/2,3,28,1;2;3;4;5,7/5;62/25;733/200;891/200;5,33/4;33/4;39/4;39/4;10,691/200,passed
case-0248,0:1;0:1;1:1;1:1;2:1,3/4,3,28,1;2;3;4;5,15/13;1114/507;33323/10140;299519/70980;5,73/4;73/4;79/4;79/4;20,228539/70980,passed
case-0249,0:1;0:1;1:1;1:1;2:2,1/4,4,74,1;2;3;4;6,13/7;142/49;817/196;4583/980;6,59/12;59/12;77/12;77/12;8,4,passed
case-0249,0:1;0:1;1:1;1:1;2:2,1/2,4,74,1;2;3;4;6,7/5;62/25;733/200;891/200;6,33/4;33/4;39/4;39/4;12,4,passed
case-0249,0:1;0:1;1:1;1:1;2:2,3/4,4,74,1;2;3;4;6,15/13;1114/507;33323/10140;299519/70980;6,73/4;73/4;79/4;79/4;24,4,passed
case-0250,0:1;0:1;1:1;1:2;1:2,1/4,6,380,1;2;3;5;7,31/16;341/112;487/112;3623/560;7,31/6;31/6;20/3;28/3;28/3,6,passed
case-0250,0:1;0:1;1:1;1:2;1:2,1/2,6,380,1;2;3;5;7,17/12;51/20;151/40;237/40;7,17/2;17/2;10;14;14,6,passed
case-0250,0:1;0:1;1:1;1:2;1:2,3/4,6,380,1;2;3;5;7,37/32;925/416;1387/416;15809/2912;7,37/2;37/2;20;28;28,6,passed
case-0251,0:1;0:1;1:1;1:2;2:1,1/4,4,75,1;2;3;5;6,13/7;142/49;817/196;6;3257/588,59/12;59/12;77/12;8;83/12,5,passed
case-0251,0:1;0:1;1:1;1:2;2:1,1/2,4,75,1;2;3;5;6,7/5;62/25;733/200;3473/600;6,33/4;33/4;39/4;12;41/4,2873/600,passed
case-0251,0:1;0:1;1:1;1:2;2:1,3/4,4,75,1;2;3;5;6,15/13;1114/507;33323/10140;54377/10140;6,73/4;73/4;79/4;24;81/4,44237/10140,passed
case-0252,0:1;0:1;1:1;1:2;2:2,1/4,5,186,1;2;3;5;7,13/7;142/49;817/196;6151/980;7,59/12;59/12;77/12;109/12;28/3,5171/980,passed
case-0252,0:1;0:1;1:1;1:2;2:2,1/2,5,186,1;2;3;5;7,7/5;62/25;733/200;3473/600;7,33/4;33/4;39/4;55/4;14,5,passed
case-0252,0:1;0:1;1:1;1:2;2:2,3/4,5,186,1;2;3;5;7,15/13;1114/507;33323/10140;54377/10140;7,73/4;73/4;79/4;111/4;28,5,passed
case-0253,0:1;0:1;1:1;2:1;2:1,1/4,3,28,1;2;3;4;5,7/4;37/14;215/56;267/56;5,9/2;9/2;6;20/3;20/3,3,passed
case-0253,0:1;0:1;1:1;2:1;2:1,1/2,3,28,1;2;3;4;5,11/8;47/20;553/160;2153/480;5,47/6;47/6;28/3;10;10,3,passed
case-0253,0:1;0:1;1:1;2:1;2:1,3/4,3,28,1;2;3;4;5,23/20;279/130;8301/2600;76903/18200;5,107/6;107/6;58/3;20;20,3,passed
case-0254,0:1;0:1;1:1;2:1;2:2,1/4,4,71,1;2;3;4;6,7/4;37/14;215/56;267/56;6,9/2;9/2;6;20/3;8,4,passed
case-0254,0:1;0:1;1:1;2:1;2:2,1/2,4,71,1;2;3;4;6,11/8;47/20;553/160;2153/480;6,47/6;47/6;28/3;10;12,4,passed
case-0254,0:1;0:1;1:1;2:1;2:2,3/4,4,71,1;2;3;4;6,23/20;279/130;8301/2600;76903/18200;6,107/6;107/6;58/3;20;24,4,passed
case-0255,0:1;0:1;1:1;2:2;2:2,1/4,5,174,1;2;3;5;7,7/4;37/14;215/56;1783/280;7,9/2;9/2;6;28/3;28/3,5,passed
case-0255,0:1;0:1;1:1;2:2;2:2,1/2,5,174,1;2;3;5;7,11/8;47/20;553/160;931/160;7,47/6;47/6;28/3;14;14,5,passed
case-0255,0:1;0:1;1:1;2:2;2:2,3/4,5,174,1;2;3;5;7,23/20;279/130;8301/2600;97703/18200;7,107/6;107/6;58/3;28;28,5,passed
case-0256,0:1;0:1;1:2;1:2;1:2,1/4,7,766,1;2;4;6;8,31/16;341/112;711/112;859/112;8,31/6;31/6;32/3;32/3;32/3,7,passed
case-0256,0:1;0:1;1:2;1:2;1:2,1/2,7,766,1;2;4;6;8,17/12;51/20;211/40;851/120;8,17/2;17/2;16;16;16,7,passed
case-0256,0:1;0:1;1:2;1:2;1:2,3/4,7,766,1;2;4;6;8,37/32;925/416;9431/2080;94853/14560;8,37/2;37/2;32;32;32,7,passed
case-0257,0:1;0:1;1:2;1:2;2:1,1/4,5,190,1;2;4;6;7,13/7;142/49;1209/196;7;3649/588,59/12;59/12;28/3;28/3;43/6,6,passed
case-0257,0:1;0:1;1:2;1:2;2:1,1/2,5,190,1;2;4;6;7,7/5;62/25;1033/200;1391/200;7,33/4;33/4;14;14;21/2,1191/200,passed
case-0257,0:1;0:1;1:2;1:2;2:1,3/4,5,190,1;2;4;6;7,15/13;1114/507;45491/10140;457703/70980;7,73/4;73/4;28;28;41/2,386723/70980,passed
case-0258,0:1;0:1;1:2;1:2;2:2,1/4,6,422,1;2;4;6;8,13/7;142/49;1209/196;7327/980;8,59/12;59/12;125/12;125/12;32/3,6347/980,passed
case-0258,0:1;0:1;1:2;1:2;2:2,1/2,6,422,1;2;4;6;8,7/5;62/25;1033/200;1391/200;8,33/4;33/4;63/4;63/4;16,6,passed
case-0258,0:1;0:1;1:2;1:2;2:2,3/4,6,422,1;2;4;6;8,15/13;1114/507;45491/10140;457703/70980;8,73/4;73/4;127/4;127/4;32,6,passed
case-0259,0:1;0:1;1:2;2:1;2:1,1/4,4,69,1;2;4;5;6,7/4;37/14;327/56;1671/280;6,9/2;9/2;8;7;7,271/56,passed
case-0259,0:1;0:1;1:2;2:1;2:1,1/2,4,69,1;2;4;5;6,11/8;47/20;793/160;2713/480;6,47/6;47/6;12;31/3;31/3,4,passed
case-0259,0:1;0:1;1:2;2:1;2:1,3/4,4,69,1;2;4;5;6,23/20;279/130;11421/2600;13809/2600;6,107/6;107/6;24;61/3;61/3,4,passed
case-0260,0:1;0:1;1:2;2:1;2:2,1/4,5,174,1;2;4;5;7,7/4;37/14;327/56;1671/280;7,9/2;9/2;9;7;28/3,5,passed
case-0260,0:1;0:1;1:2;2:1;2:2,1/2,5,174,1;2;4;5;7,11/8;47/20;793/160;2713/480;7,47/6;47/6;41/3;31/3;14,5,passed
case-0260,0:1;0:1;1:2;2:1;2:2,3/4,5,174,1;2;4;5;7,23/20;279/130;11421/2600;13809/2600;7,107/6;107/6;83/3;61/3;28,5,passed
case-0261,0:1;0:1;1:2;2:2;2:2,1/4,6,392,1;2;4;6;8,7/4;37/14;327/56;2119/280;8,9/2;9/2;10;32/3;32/3,6,passed
case-0261,0:1;0:1;1:2;2:2;2:2,1/2,6,392,1;2;4;6;8,11/8;47/20;793/160;3353/480;8,47/6;47/6;46/3;16;16,6,passed
case-0261,0:1;0:1;1:2;2:2;2:2,3/4,6,392,1;2;4;6;8,23/20;279/130;11421/2600;117463/18200;8,107/6;107/6;94/3;32;32,6,passed
case-0262,0:1;0:1;2:1;2:1;2:1,1/4,3,29,1;2;3;4;5,8/5;2;4;24/5;5,11/3;11/3;20/3;20/3;20/3,3,passed
case-0262,0:1;0:1;2:1;2:1;2:1,1/2,3,29,1;2;3;4;5,4/3;2;7/2;9/2;5,7;7;10;10;10,3,passed
case-0262,0:1;0:1;2:1;2:1;2:1,3/4,3,29,1;2;3;4;5,8/7;2;16/5;148/35;5,17;17;20;20;20,3,passed
case-0263,0:1;0:1;2:1;2:1;2:2,1/4,4,70,1;2;3;4;6,8/5;2;4;24/5;6,11/3;11/3;20/3;20/3;8,4,passed
case-0263,0:1;0:1;2:1;2:1;2:2,1/2,4,70,1;2;3;4;6,4/3;2;7/2;9/2;6,7;7;10;10;12,4,passed
case-0263,0:1;0:1;2:1;2:1;2:2,3/4,4,70,1;2;3;4;6,8/7;2;16/5;148/35;6,17;17;20;20;24,4,passed
case-0264,0:1;0:1;2:1;2:2;2:2,1/4,5,167,1;2;3;5;7,8/5;2;4;32/5;7,11/3;11/3;20/3;28/3;28/3,5,passed
case-0264,0:1;0:1;2:1;2:2;2:2,1/2,5,167,1;2;3;5;7,4/3;2;7/2;35/6;7,7;7;10;14;14,5,passed
case-0264,0:1;0:1;2:1;2:2;2:2,3/4,5,167,1;2;3;5;7,8/7;2;16/5;188/35;7,17;17;20;28;28,5,passed
case-0265,0:1;0:1;2:2;2:2;2:2,1/4,6,367,1;2;4;6;8,8/5;2;6;38/5;8,11/3;11/3;32/3;32/3;32/3,6,passed
case-0265,0:1;0:1;2:2;2:2;2:2,1/2,6,367,1;2;4;6;8,4/3;2;5;7;8,7;7;16;16;16,6,passed
case-0265,0:1;0:1;2:2;2:2;2:2,3/4,6,367,1;2;4;6;8,8/7;2;22/5;226/35;8,17;17;32;32;32,6,passed
case-0266,0:1;0:2;0:2;0:2;0:2,1/4,9,2243,1;3;5;7;9,5/2;87/14;113/14;617/70;9,20/3;12;12;12;12,9,passed
case-0266,0:1;0:2;0:2;0:2;0:2,1/2,9,2243,1;3;5;7;9,5/3;23/5;34/5;124/15;9,10;18;18;18;18,9,passed
case-0266,0:1;0:2;0:2;0:2;0:2,3/4,9,2243,1;3;5;7;9,5/4;189/52;1503/260;13869/1820;9,20;36;36;36;36,9,passed
case-0267,0:1;0:2;0:2;0:2;1:1,1/4,7,779,1;3;5;7;8,77/32;1359/224;8527/1120;8;1451/224,77/12;32/3;32/3;32/3;89/12,8,passed
case-0267,0:1;0:2;0:2;0:2;1:1,1/2,7,779,1;3;5;7;8,13/8;181/40;67/10;8;151/20,39/4;16;16;16;43/4,8,passed
case-0267,0:1;0:2;0:2;0:2;1:1,3/4,7,779,1;3;5;7;8,79/64;2999/832;23869/4160;220327/29120;8,79/4;32;32;32;83/4,220327/29120,passed
case-0268,0:1;0:2;0:2;0:2;1:2,1/4,8,1504,1;3;5;7;9,77/32;1359/224;1769/224;1933/224;9,77/12;47/4;47/4;47/4;12,1933/224,passed
case-0268,0:1;0:2;0:2;0:2;1:2,1/2,8,1504,1;3;5;7;9,13/8;181/40;67/10;163/20;9,39/4;71/4;71/4;71/4;18,163/20,passed
case-0268,0:1;0:2;0:2;0:2;1:2,3/4,8,1504,1;3;5;7;9,79/64;2999/832;23869/4160;220327/29120;9,79/4;143/4;143/4;143/4;36,8,passed
case-0269,0:1;0:2;0:2;0:2;2:1,1/4,7,754,1;3;5;7;8,37/16;663/112;4247/560;8;787/112,37/6;32/3;32/3;32/3;49/6,8,passed
case-0269,0:1;0:2;0:2;0:2;2:1,1/2,7,754,1;3;5;7;8,8/5;334/75;989/150;8;397/50,19/2;16;16;16;23/2,8,passed
case-0269,0:1;0:2;0:2;0:2;2:1,3/4,7,754,1;3;5;7;8,16/13;1814/507;2885/507;3803/507;8,39/2;32;32;32;43/2,3803/507,passed
case-0270,0:1;0:2;0:2;0:2;2:2,1/4,7,891,1;3;5;7;9,37/16;663/112;865/112;4729/560;9,37/6;23/2;23/2;23/2;12,4729/560,passed
case-0270,0:1;0:2;0:2;0:2;2:2,1/2,7,891,1;3;5;7;9,8/5;334/75;989/150;401/50;9,19/2;35/2;35/2;35/2;18,401/50,passed
case-0270,0:1;0:2;0:2;0:2;2:2,3/4,7,891,1;3;5;7;9,16/13;1814/507;2885/507;3803/507;9,39/2;71/2;71/2;71/2;36,3803/507,passed
case-0271,0:1;0:2;0:2;1:1;1:1,1/4,6,381,1;3;5;6;7,9/4;163/28;7;179/28;179/28,6;28/3;28/3;22/3;22/3,7,passed
case-0271,0:1;0:2;0:2;1:1;1:1,1/2,6,381,1;3;5;6;7,14/9;22/5;98/15;308/45;7,28/3;14;14;32/3;32/3,98/15,passed
case-0271,0:1;0:2;0:2;1:1;1:1,3/4,6,381,1;3;5;6;7,29/24;1109/312;8839/1560;23399/3640;7,58/3;28;28;62/3;62/3,6,passed
case-0272,0:1;0:2;0:2;1:1;1:2,1/4,7,768,1;3;5;6;8,9/4;163/28;1031/140;179/28;8,6;31/3;31/3;22/3;32/3,1031/140,passed
case-0272,0:1;0:2;0:2;1:1;1:2,1/2,7,768,1;3;5;6;8,14/9;22/5;98/15;308/45;8,28/3;47/3;47/3;32/3;16,7,passed
case-0272,0:1;0:2;0:2;1:1;1:2,3/4,7,768,1;3;5;6;8,29/24;1109/312;8839/1560;23399/3640;8,58/3;95/3;95/3;62/3;32,7,passed
case-0273,0:1;0:2;0:2;1:1;2:1,1/4,5,188,1;3;5;6;7,69/32;1271/224;7;1387/224;1499/224,23/4;28/3;28/3;85/12;47/6,7,passed
case-0273,0:1;0:2;0:2;1:1;2:1,1/2,5,188,1;3;5;6;7,23/15;974/225;5783/900;6041/900;7,109/12;14;14;125/12;67/6,5783/900,passed
case-0273,0:1;0:2;0:2;1:1;2:1,3/4,5,188,1;3;5;6;7,47/39;5366/1521;85457/15210;677441/106470;7,229/12;28;28;245/12;127/6,85457/15210,passed
case-0274,0:1;0:2;0:2;1:1;2:2,1/4,6,417,1;3;5;6;8,69/32;1271/224;8047/1120;1387/224;8,23/4;121/12;121/12;85/12;32/3,8047/1120,passed
case-0274,0:1;0:2;0:2;1:1;2:2,1/2,6,417,1;3;5;6;8,23/15;974/225;5783/900;6041/900;8,109/12;185/12;185/12;125/12;16,5783/900,passed
case-0274,0:1;0:2;0:2;1:1;2:2,3/4,6,417,1;3;5;6;8,47/39;5366/1521;85457/15210;677441/106470;8,229/12;377/12;377/12;245/12;32,6,passed
case-0275,0:1;0:2;0:2;1:2;1:2,1/4,8,1487,1;3;5;7;9,9/4;163/28;213/28;1221/140;9,6;34/3;34/3;12;12,8,passed
case-0275,0:1;0:2;0:2;1:2;1:2,1/2,8,1487,1;3;5;7;9,14/9;22/5;98/15;368/45;9,28/3;52/3;52/3;18;18,8,passed
case-0275,0:1;0:2;0:2;1:2;1:2,3/4,8,1487,1;3;5;7;9,29/24;1109/312;8839/1560;3937/520;9,58/3;106/3;106/3;36;36,8,passed
case-0276,0:1;0:2;0:2;1:2;2:1,1/4,6,427,1;3;5;7;8,69/32;1271/224;1643/224;8;1555/224,23/4;31/3;31/3;32/3;97/12,1643/224,passed
case-0276,0:1;0:2;0:2;1:2;2:1,1/2,6,427,1;3;5;7;8,23/15;974/225;5783/900;8;2359/300,109/12;47/3;47/3;16;137/12,7,passed
case-0276,0:1;0:2;0:2;1:2;2:1,3/4,6,427,1;3;5;7;8,47/39;5366/1521;85457/15210;799121/106470;8,229/12;95/3;95/3;32;257/12,692651/106470,passed
case-0277,0:1;0:2;0:2;1:2;2:2,1/4,7,885,1;3;5;7;9,69/32;1271/224;1665/224;9561/1120;9,23/4;133/12;133/12;47/4;12,8441/1120,passed
case-0277,0:1;0:2;0:2;1:2;2:2,1/2,7,885,1;3;5;7;9,23/15;974/225;5783/900;7241/900;9,109/12;205/12;205/12;71/4;18,6341/900,passed
case-0277,0:1;0:2;0:2;1:2;2:2,3/4,7,885,1;3;5;7;9,47/39;5366/1521;85457/15210;799121/106470;9,229/12;421/12;421/12;143/4;36,7,passed
case-0278,0:1;0:2;0:2;2:1;2:1,1/4,5,168,1;3;5;6;7,2;38/7;7;48/7;48/7,16/3;28/3;28/3;8;8,7,passed
case-0278,0:1;0:2;0:2;2:1;2:1,1/2,5,168,1;3;5;6;7,3/2;21/5;249/40;809/120;7,26/3;14;14;34/3;34/3,249/40,passed
case-0278,0:1;0:2;0:2;2:1;2:1,3/4,5,168,1;3;5;6;7,6/5;226/65;1796/325;14488/2275;7,56/3;28;28;64/3;64/3,1796/325,passed
case-0279,0:1;0:2;0:2;2:1;2:2,1/4,6,384,1;3;5;6;8,2;38/7;248/35;48/7;8,16/3;10;10;8;32/3,248/35,passed
case-0279,0:1;0:2;0:2;2:1;2:2,1/2,6,384,1;3;5;6;8,3/2;21/5;249/40;809/120;8,26/3;46/3;46/3;34/3;16,249/40,passed
case-0279,0:1;0:2;0:2;2:1;2:2,3/4,6,384,1;3;5;6;8,6/5;226/65;1796/325;14488/2275;8,56/3;94/3;94/3;64/3;32,6,passed
case-0280,0:1;0:2;0:2;2:2;2:2,1/4,7,813,1;3;5;7;9,2;38/7;50/7;302/35;9,16/3;32/3;32/3;12;12,50/7,passed
case-0280,0:1;0:2;0:2;2:2;2:2,1/2,7,813,1;3;5;7;9,3/2;21/5;249/40;323/40;9,26/3;50/3;50/3;18;18,7,passed
case-0280,0:1;0:2;0:2;2:2;2:2,3/4,7,813,1;3;5;7;9,6/5;226/65;1796/325;17088/2275;9,56/3;104/3;104/3;36;36,7,passed
case-0281,0:1;0:2;1:1;1:1;1:1,1/4,5,174,1;3;4;5;6,31/16;597/112;647/112;667/112;6,31/6;8;43/6;43/6;43/6,597/112,passed
case-0281,0:1;0:2;1:1;1:1;1:1,1/2,5,174,1;3;4;5;6,17/12;83/20;203/40;683/120;6,17/2;12;21/2;21/2;21/2,5,passed
case-0281,0:1;0:2;1:1;1:1;1:1,3/4,5,174,1;3;4;5;6,37/32;1437/416;9303/2080;77829/14560;6,37/2;24;41/2;41/2;41/2,5,passed
case-0282,0:1;0:2;1:1;1:1;1:2,1/4,6,374,1;3;4;5;7,31/16;597/112;647/112;667/112;7,31/6;53/6;43/6;43/6;28/3,6,passed
case-0282,0:1;0:2;1:1;1:1;1:2,1/2,6,374,1;3;4;5;7,17/12;83/20;203/40;683/120;7,17/2;27/2;21/2;21/2;14,6,passed
case-0282,0:1;0:2;1:1;1:1;1:2,3/4,6,374,1;3;4;5;7,37/32;1437/416;9303/2080;77829/14560;7,37/2;55/2;41/2;41/2;28,6,passed
case-0283,0:1;0:2;1:1;1:1;2:1,1/4,4,71,1;3;4;5;6,13/7;254/49;1097/196;5647/980;6,59/12;8;83/12;83/12;89/12,254/49,passed
case-0283,0:1;0:2;1:1;1:1;2:1,1/2,4,71,1;3;4;5;6,7/5;102/25;993/200;1111/200;6,33/4;12;41/4;41/4;43/4,911/200,passed
case-0283,0:1;0:2;1:1;1:1;2:1,3/4,4,71,1;3;4;5;6,15/13;1738/507;44867/10140;374711/70980;6,73/4;24;81/4;81/4;83/4,303731/70980,passed
case-0284,0:1;0:2;1:1;1:1;2:2,1/4,5,180,1;3;4;5;7,13/7;254/49;1097/196;5647/980;7,59/12;103/12;83/12;83/12;28/3,254/49,passed
case-0284,0:1;0:2;1:1;1:1;2:2,1/2,5,180,1;3;4;5;7,7/5;102/25;993/200;1111/200;7,33/4;53/4;41/4;41/4;14,5,passed
case-0284,0:1;0:2;1:1;1:1;2:2,3/4,5,180,1;3;4;5;7,15/13;1738/507;44867/10140;374711/70980;7,73/4;109/4;81/4;81/4;28,5,passed
case-0285,0:1;0:2;1:1;1:2;1:2,1/4,7,757,1;3;4;6;8,31/16;597/112;647/112;4231/560;8,31/6;29/3;43/6;32/3;32/3,7,passed
case-0285,0:1;0:2;1:1;1:2;1:2,1/2,7,757,1;3;4;6;8,17/12;83/20;203/40;281/40;8,17/2;15;21/2;16;16,7,passed
case-0285,0:1;0:2;1:1;1:2;1:2,3/4,7,757,1;3;4;6;8,37/32;1437/416;9303/2080;94469/14560;8,37/2;31;41/2;32;32,7,passed
case-0286,0:1;0:2;1:1;1:2;2:1,1/4,5,184,1;3;4;6;7,13/7;254/49;1097/196;7;3761/588,59/12;53/6;83/12;28/3;23/3,6,passed
case-0286,0:1;0:2;1:1;1:2;2:1,1/2,5,184,1;3;4;6;7,7/5;102/25;993/200;4133/600;7,33/4;27/2;41/4;14;11,3533/600,passed
case-0286,0:1;0:2;1:1;1:2;2:1,3/4,5,184,1;3;4;6;7,15/13;1738/507;44867/10140;455831/70980;7,73/4;55/2;81/4;28;21,384851/70980,passed
case-0287,0:1;0:2;1:1;1:2;2:2,1/4,6,413,1;3;4;6;8,13/7;254/49;1097/196;1443/196;8,59/12;113/12;83/12;125/12;32/3,1247/196,passed
case-0287,0:1;0:2;1:1;1:2;2:2,1/2,6,413,1;3;4;6;8,7/5;102/25;993/200;4133/600;8,33/4;59/4;41/4;63/4;16,6,passed
case-0287,0:1;0:2;1:1;1:2;2:2,3/4,6,413,1;3;4;6;8,15/13;1738/507;44867/10140;455831/70980;8,73/4;123/4;81/4;127/4;32,6,passed
case-0288,0:1;0:2;1:1;2:1;2:1,1/4,4,65,1;3;4;5;6,7/4;69/14;295/56;1639/280;6,9/2;8;13/2;15/2;15/2,69/14,passed
case-0288,0:1;0:2;1:1;2:1;2:1,1/2,4,65,1;3;4;5;6,11/8;79/20;761/160;2681/480;6,47/6;12;59/6;65/6;65/6,4,passed
case-0288,0:1;0:2;1:1;2:1;2:1,3/4,4,65,1;3;4;5;6,23/20;439/130;11261/2600;96183/18200;6,107/6;24;119/6;125/6;125/6,4,passed
case-0289,0:1;0:2;1:1;2:1;2:2,1/4,5,168,1;3;4;5;7,7/4;69/14;295/56;1639/280;7,9/2;17/2;13/2;15/2;28/3,5,passed
case-0289,0:1;0:2;1:1;2:1;2:2,1/2,5,168,1;3;4;5;7,11/8;79/20;761/160;2681/480;7,47/6;79/6;59/6;65/6;14,5,passed
case-0289,0:1;0:2;1:1;2:1;2:2,3/4,5,168,1;3;4;5;7,23/20;439/130;11261/2600;96183/18200;7,107/6;163/6;119/6;125/6;28,5,passed
case-0290,0:1;0:2;1:1;2:2;2:2,1/4,6,383,1;3;4;6;8,7/4;69/14;295/56;2087/280;8,9/2;9;13/2;32/3;32/3,6,passed
case-0290,0:1;0:2;1:1;2:2;2:2,1/2,6,383,1;3;4;6;8,11/8;79/20;761/160;1107/160;8,47/6;43/3;59/6;16;16,6,passed
case-0290,0:1;0:2;1:1;2:2;2:2,3/4,6,383,1;3;4;6;8,23/20;439/130;11261/2600;116983/18200;8,107/6;91/3;119/6;32;32,6,passed
case-0291,0:1;0:2;1:2;1:2;1:2,1/4,8,1470,1;3;5;7;9,31/16;597/112;871/112;4903/560;9,31/6;21/2;12;12;12,8,passed
case-0291,0:1;0:2;1:2;1:2;1:2,1/2,8,1470,1;3;5;7;9,17/12;83/20;263/40;983/120;9,17/2;33/2;18;18;18,8,passed
case-0291,0:1;0:2;1:2;1:2;1:2,3/4,8,1470,1;3;5;7;9,37/32;1437/416;11799/2080;110277/14560;9,37/2;69/2;36;36;36,8,passed
case-0292,0:1;0:2;1:2;1:2;2:1,1/4,6,420,1;3;5;7;8,13/7;254/49;1822/245;8;333/49,59/12;29/3;32/3;32/3;95/12,7,passed
case-0292,0:1;0:2;1:2;1:2;2:1,1/2,6,420,1;3;5;7;8,7/5;102/25;1293/200;8;1567/200,33/4;15;16;16;45/4,7,passed
case-0292,0:1;0:2;1:2;1:2;2:1,3/4,6,420,1;3;5;7;8,15/13;1738/507;11407/2028;106579/14196;8,73/4;31;32;32;85/4,92383/14196,passed
case-0293,0:1;0:2;1:2;1:2;2:2,1/4,7,877,1;3;5;7;9,13/7;254/49;1489/196;8391/980;9,59/12;41/4;47/4;47/4;12,7411/980,passed
case-0293,0:1;0:2;1:2;1:2;2:2,1/2,7,877,1;3;5;7;9,7/5;102/25;1293/200;1611/200;9,33/4;65/4;71/4;71/4;18,1411/200,passed
case-0293,0:1;0:2;1:2;1:2;2:2,3/4,7,877,1;3;5;7;9,15/13;1738/507;11407/2028;106579/14196;9,73/4;137/4;143/4;143/4;36,7,passed
case-0294,0:1;0:2;1:2;2:1;2:1,1/4,5,172,1;3;5;6;7,7/4;69/14;7;377/56;377/56,9/2;53/6;28/3;47/6;47/6,6,passed
case-0294,0:1;0:2;1:2;2:1;2:1,1/2,5,172,1;3;5;6;7,11/8;79/20;1001/160;3241/480;7,47/6;27/2;14;67/6;67/6,841/160,passed
case-0294,0:1;0:2;1:2;2:1;2:1,3/4,5,172,1;3;5;6;7,23/20;439/130;14381/2600;115943/18200;7,107/6;55/2;28;127/6;127/6,5,passed
case-0295,0:1;0:2;1:2;2:1;2:2,1/4,6,392,1;3;5;6;8,7/4;69/14;401/56;377/56;8,9/2;28/3;31/3;47/6;32/3,345/56,passed
case-0295,0:1;0:2;1:2;2:1;2:2,1/2,6,392,1;3;5;6;8,11/8;79/20;1001/160;3241/480;8,47/6;44/3;47/3;67/6;16,6,passed
case-0295,0:1;0:2;1:2;2:1;2:2,3/4,6,392,1;3;5;6;8,23/20;439/130;14381/2600;115943/18200;8,107/6;92/3;95/3;127/6;32,6,passed
case-0296,0:1;0:2;1:2;2:2;2:2,1/4,7,829,1;3;5;7;9,7/4;69/14;407/56;2423/280;9,9/2;59/6;34/3;12;12,7,passed
case-0296,0:1;0:2;1:2;2:2;2:2,1/2,7,829,1;3;5;7;9,11/8;79/20;1001/160;3881/480;9,47/6;95/6;52/3;18;18,7,passed
case-0296,0:1;0:2;1:2;2:2;2:2,3/4,7,829,1;3;5;7;9,23/20;439/130;14381/2600;136743/18200;9,107/6;203/6;106/3;36;36,7,passed
case-0297,0:1;0:2;2:1;2:1;2:1,1/4,4,57,1;3;4;5;6,8/5;30/7;38/7;206/35;6,11/3;8;23/3;23/3;23/3,30/7,passed
case-0297,0:1;0:2;2:1;2:1;2:1,1/2,4,57,1;3;4;5;6,4/3;18/5;24/5;28/5;6,7;12;11;11;11,4,passed
case-0297,0:1;0:2;2:1;2:1;2:1,3/4,4,57,1;3;4;5;6,8/7;42/13;282/65;2406/455;6,17;24;21;21;21,4,passed
case-0298,0:1;0:2;2:1;2:1;2:2,1/4,5,152,1;3;4;5;7,8/5;30/7;38/7;206/35;7,11/3;25/3;23/3;23/3;28/3,5,passed
case-0298,0:1;0:2;2:1;2:1;2:2,1/2,5,152,1;3;4;5;7,4/3;18/5;24/5;28/5;7,7;13;11;11;14,5,passed
case-0298,0:1;0:2;2:1;2:1;2:2,3/4,5,152,1;3;4;5;7,8/7;42/13;282/65;2406/455;7,17;27;21;21;28,5,passed
case-0299,0:1;0:2;2:1;2:2;2:2,1/4,6,352,1;3;4;6;8,8/5;30/7;38/7;262/35;8,11/3;26/3;23/3;32/3;32/3,6,passed
case-0299,0:1;0:2;2:1;2:2;2:2,1/2,6,352,1;3;4;6;8,4/3;18/5;24/5;104/15;8,7;14;11;16;16,6,passed
case-0299,0:1;0:2;2:1;2:2;2:2,3/4,6,352,1;3;4;6;8,8/7;42/13;282/65;418/65;8,17;30;21;32;32,6,passed
case-0300,0:1;0:2;2:2;2:2;2:2,1/4,7,753,1;3;5;7;9,8/5;30/7;52/7;304/35;9,11/3;9;12;12;12,7,passed
case-0300,0:1;0:2;2:2;2:2;2:2,1/2,7,753,1;3;5;7;9,4/3;18/5;63/10;81/10;9,7;15;18;18;18,7,passed
case-0300,0:1;0:2;2:2;2:2;2:2,3/4,7,753,1;3;5;7;9,8/7;42/13;72/13;684/91;9,17;33;36;36;36,7,passed
case-0301,0:1;1:1;1:1;1:1;1:1,1/4,4,88,1;2;3;4;5,1;23/7;31/7;171/35;5,8/3;20/3;20/3;20/3;20/3,4,passed
case-0301,0:1;1:1;1:1;1:1;1:1,1/2,4,88,1;2;3;4;5,1;13/5;19/5;23/5;5,6;10;10;10;10,4,passed
case-0301,0:1;1:1;1:1;1:1;1:1,3/4,4,88,1;2;3;4;5,1;29/13;217/65;1951/455;5,16;20;20;20;20,4,passed
case-0302,0:1;1:1;1:1;1:1;1:2,1/4,5,186,1;2;3;4;6,1;23/7;31/7;171/35;6,8/3;20/3;20/3;20/3;8,5,passed
case-0302,0:1;1:1;1:1;1:1;1:2,1/2,5,186,1;2;3;4;6,1;13/5;19/5;23/5;6,6;10;10;10;12,5,passed
case-0302,0:1;1:1;1:1;1:1;1:2,3/4,5,186,1;2;3;4;6,1;29/13;217/65;1951/455;6,16;20;20;20;24,5,passed
case-0303,0:1;1:1;1:1;1:1;2:1,1/4,3,35,1;2;3;4;5,1;22/7;59/14;65/14;5,29/12;77/12;77/12;77/12;20/3,51/14,passed
case-0303,0:1;1:1;1:1;1:1;2:1,1/2,3,35,1;2;3;4;5,1;38/15;221/60;89/20;5,23/4;39/4;39/4;39/4;10,69/20,passed
case-0303,0:1;1:1;1:1;1:1;2:1,3/4,3,35,1;2;3;4;5,1;86/39;1283/390;11519/2730;5,63/4;79/4;79/4;79/4;20,8789/2730,passed
case-0304,0:1;1:1;1:1;1:1;2:2,1/4,4,83,1;2;3;4;6,1;22/7;59/14;65/14;6,29/12;77/12;77/12;77/12;8,4,passed
case-0304,0:1;1:1;1:1;1:1;2:2,1/2,4,83,1;2;3;4;6,1;38/15;221/60;89/20;6,23/4;39/4;39/4;39/4;12,4,passed
case-0304,0:1;1:1;1:1;1:1;2:2,3/4,4,83,1;2;3;4;6,1;86/39;1283/390;11519/2730;6,63/4;79/4;79/4;79/4;24,4,passed
case-0305,0:1;1:1;1:1;1:2;1:2,1/4,6,394,1;2;3;5;7,1;23/7;31/7;227/35;7,8/3;20/3;20/3;28/3;28/3,6,passed
case-0305,0:1;1:1;1:1;1:2;1:2,1/2,6,394,1;2;3;5;7,1;13/5;19/5;89/15;7,6;10;10;14;14,6,passed
case-0305,0:1;1:1;1:1;1:2;1:2,3/4,6,394,1;2;3;5;7,1;29/13;217/65;353/65;7,16;20;20;28;28,6,passed
case-0306,0:1;1:1;1:1;1:2;2:1,1/4,4,84,1;2;3;5;6,1;22/7;59/14;6;235/42,29/12;77/12;77/12;8;83/12,5,passed
case-0306,0:1;1:1;1:1;1:2;2:1,1/2,4,84,1;2;3;5;6,1;38/15;221/60;347/60;6,23/4;39/4;39/4;12;41/4,287/60,passed
case-0306,0:1;1:1;1:1;1:2;2:1,3/4,4,84,1;2;3;5;6,1;86/39;1283/390;14639/2730;6,63/4;79/4;79/4;24;81/4,11909/2730,passed
case-0307,0:1;1:1;1:1;1:2;2:2,1/4,5,203,1;2;3;5;7,1;22/7;59/14;437/70;7,29/12;77/12;77/12;109/12;28/3,367/70,passed
case-0307,0:1;1:1;1:1;1:2;2:2,1/2,5,203,1;2;3;5;7,1;38/15;221/60;347/60;7,23/4;39/4;39/4;55/4;14,5,passed
case-0307,0:1;1:1;1:1;1:2;2:2,3/4,5,203,1;2;3;5;7,1;86/39;1283/390;14639/2730;7,63/4;79/4;79/4;111/4;28,5,passed
case-0308,0:1;1:1;1:1;2:1;2:1,1/4,3,34,1;2;3;4;5,1;20/7;53/14;333/70;5,2;6;6;20/3;20/3,3,passed
case-0308,0:1;1:1;1:1;2:1;2:1,1/2,3,34,1;2;3;4;5,1;12/5;69/20;269/60;5,16/3;28/3;28/3;10;10,3,passed
case-0308,0:1;1:1;1:1;2:1;2:1,3/4,3,34,1;2;3;4;5,1;28/13;83/26;769/182;5,46/3;58/3;58/3;20;20,3,passed
case-0309,0:1;1:1;1:1;2:1;2:2,1/4,4,81,1;2;3;4;6,1;20/7;53/14;333/70;6,2;6;6;20/3;8,4,passed
case-0309,0:1;1:1;1:1;2:1;2:2,1/2,4,81,1;2;3;4;6,1;12/5;69/20;269/60;6,16/3;28/3;28/3;10;12,4,passed
case-0309,0:1;1:1;1:1;2:1;2:2,3/4,4,81,1;2;3;4;6,1;28/13;83/26;769/182;6,46/3;58/3;58/3;20;24,4,passed
case-0310,0:1;1:1;1:1;2:2;2:2,1/4,5,195,1;2;3;5;7,1;20/7;53/14;89/14;7,2;6;6;28/3;28/3,5,passed
case-0310,0:1;1:1;1:1;2:2;2:2,1/2,5,195,1;2;3;5;7,1;12/5;69/20;349/60;7,16/3;28/3;28/3;14;14,5,passed
case-0310,0:1;1:1;1:1;2:2;2:2,3/4,5,195,1;2;3;5;7,1;28/13;83/26;977/182;7,46/3;58/3;58/3;28;28,5,passed
case-0311,0:1;1:1;1:2;1:2;1:2,1/4,7,789,1;2;4;6;8,1;23/7;45/7;269/35;8,8/3;20/3;32/3;32/3;32/3,7,passed
case-0311,0:1;1:1;1:2;1:2;1:2,1/2,7,789,1;2;4;6;8,1;13/5;53/10;71/10;8,6;10;16;16;16,7,passed
case-0311,0:1;1:1;1:2;1:2;1:2,3/4,7,789,1;2;4;6;8,1;29/13;59/13;593/91;8,16;20;32;32;32,7,passed
case-0312,0:1;1:1;1:2;1:2;2:1,1/4,5,206,1;2;4;6;7,1;22/7;87/14;7;263/42,29/12;77/12;28/3;28/3;43/6,6,passed
case-0312,0:1;1:1;1:2;1:2;2:1,1/2,5,206,1;2;4;6;7,1;38/15;311/60;139/20;7,23/4;39/4;14;14;21/2,119/20,passed
case-0312,0:1;1:1;1:2;1:2;2:1,3/4,5,206,1;2;4;6;7,1;86/39;1751/390;17603/2730;7,63/4;79/4;28;28;41/2,14873/2730,passed
case-0313,0:1;1:1;1:2;1:2;2:2,1/4,6,450,1;2;4;6;8,1;22/7;87/14;521/70;8,29/12;77/12;125/12;125/12;32/3,451/70,passed
case-0313,0:1;1:1;1:2;1:2;2:2,1/2,6,450,1;2;4;6;8,1;38/15;311/60;139/20;8,23/4;39/4;63/4;63/4;16,6,passed
case-0313,0:1;1:1;1:2;1:2;2:2,3/4,6,450,1;2;4;6;8,1;86/39;1751/390;17603/2730;8,63/4;79/4;127/4;127/4;32,6,passed
case-0314,0:1;1:1;1:2;2:1;2:1,1/4,4,80,1;2;4;5;6,1;20/7;81/14;417/70;6,2;6;8;7;7,67/14,passed
case-0314,0:1;1:1;1:2;2:1;2:1,1/2,4,80,1;2;4;5;6,1;12/5;99/20;113/20;6,16/3;28/3;12;31/3;31/3,4,passed
case-0314,0:1;1:1;1:2;2:1;2:1,3/4,4,80,1;2;4;5;6,1;28/13;571/130;4833/910;6,46/3;58/3;24;61/3;61/3,4,passed
case-0315,0:1;1:1;1:2;2:1;2:2,1/4,5,195,1;2;4;5;7,1;20/7;81/14;417/70;7,2;6;9;7;28/3,5,passed
case-0315,0:1;1:1;1:2;2:1;2:2,1/2,5,195,1;2;4;5;7,1;12/5;99/20;113/20;7,16/3;28/3;41/3;31/3;14,5,passed
case-0315,0:1;1:1;1:2;2:1;2:2,3/4,5,195,1;2;4;5;7,1;28/13;571/130;4833/910;7,46/3;58/3;83/3;61/3;28,5,passed
case-0316,0:1;1:1;1:2;2:2;2:2,1/4,6,430,1;2;4;6;8,1;20/7;81/14;529/70;8,2;6;10;32/3;32/3,6,passed
case-0316,0:1;1:1;1:2;2:2;2:2,1/2,6,430,1;2;4;6;8,1;12/5;99/20;419/60;8,16/3;28/3;46/3;16;16,6,passed
case-0316,0:1;1:1;1:2;2:2;2:2,3/4,6,430,1;2;4;6;8,1;28/13;571/130;839/130;8,46/3;58/3;94/3;32;32,6,passed
case-0317,0:1;1:1;2:1;2:1;2:1,1/4,3,37,1;2;3;4;5,1;2;4;24/5;5,5/3;14/3;20/3;20/3;20/3,3,passed
case-0317,0:1;1:1;2:1;2:1;2:1,1/2,3,37,1;2;3;4;5,1;2;7/2;9/2;5,9/2;17/2;10;10;10,3,passed
case-0317,0:1;1:1;2:1;2:1;2:1,3/4,3,37,1;2;3;4;5,1;2;16/5;148/35;5,29/2;37/2;20;20;20,3,passed
case-0318,0:1;1:1;2:1;2:1;2:2,1/4,4,80,1;2;3;4;6,1;2;4;24/5;6,5/3;14/3;20/3;20/3;8,4,passed
case-0318,0:1;1:1;2:1;2:1;2:2,1/2,4,80,1;2;3;4;6,1;2;7/2;9/2;6,9/2;17/2;10;10;12,4,passed
case-0318,0:1;1:1;2:1;2:1;2:2,3/4,4,80,1;2;3;4;6,1;2;16/5;148/35;6,29/2;37/2;20;20;24,4,passed
case-0319,0:1;1:1;2:1;2:2;2:2,1/4,5,191,1;2;3;5;7,1;2;4;32/5;7,5/3;14/3;20/3;28/3;28/3,5,passed
case-0319,0:1;1:1;2:1;2:2;2:2,1/2,5,191,1;2;3;5;7,1;2;7/2;35/6;7,9/2;17/2;10;14;14,5,passed
case-0319,0:1;1:1;2:1;2:2;2:2,3/4,5,191,1;2;3;5;7,1;2;16/5;188/35;7,29/2;37/2;20;28;28,5,passed
case-0320,0:1;1:1;2:2;2:2;2:2,1/4,6,417,1;2;4;6;8,1;2;6;38/5;8,5/3;14/3;32/3;32/3;32/3,6,passed
case-0320,0:1;1:1;2:2;2:2;2:2,1/2,6,417,1;2;4;6;8,1;2;5;7;8,9/2;17/2;16;16;16,6,passed
case-0320,0:1;1:1;2:2;2:2;2:2,3/4,6,417,1;2;4;6;8,1;2;22/5;226/35;8,29/2;37/2;32;32;32,6,passed
case-0321,0:1;1:2;1:2;1:2;1:2,1/4,8,1520,1;3;5;7;9,1;39/7;55/7;307/35;9,8/3;12;12;12;12,8,passed
case-0321,0:1;1:2;1:2;1:2;1:2,1/2,8,1520,1;3;5;7;9,1;21/5;33/5;41/5;9,6;18;18;18;18,8,passed
case-0321,0:1;1:2;1:2;1:2;1:2,3/4,8,1520,1;3;5;7;9,1;45/13;369/65;3447/455;9,16;36;36;36;36,8,passed
case-0322,0:1;1:2;1:2;1:2;2:1,1/4,6,455,1;3;5;7;8,1;38/7;262/35;8;48/7,29/12;32/3;32/3;32/3;89/12,7,passed
case-0322,0:1;1:2;1:2;1:2;2:1,1/2,6,455,1;3;5;7;8,1;62/15;389/60;8;157/20,23/4;16;16;16;43/4,7,passed
case-0322,0:1;1:2;1:2;1:2;2:1,3/4,6,455,1;3;5;7;8,1;134/39;439/78;4099/546;8,63/4;32;32;32;83/4,3553/546,passed
case-0323,0:1;1:2;1:2;1:2;2:2,1/4,7,934,1;3;5;7;9,1;38/7;107/14;597/70;9,29/12;47/4;47/4;47/4;12,527/70,passed
case-0323,0:1;1:2;1:2;1:2;2:2,1/2,7,934,1;3;5;7;9,1;62/15;389/60;161/20;9,23/4;71/4;71/4;71/4;18,141/20,passed
case-0323,0:1;1:2;1:2;1:2;2:2,3/4,7,934,1;3;5;7;9,1;134/39;439/78;4099/546;9,63/4;143/4;143/4;143/4;36,7,passed
case-0324,0:1;1:2;1:2;2:1;2:1,1/4,5,198,1;3;5;6;7,1;36/7;7;95/14;95/14,2;28/3;28/3;22/3;22/3,6,passed
case-0324,0:1;1:2;1:2;2:1;2:1,1/2,5,198,1;3;5;6;7,1;4;25/4;27/4;7,16/3;14;14;32/3;32/3,21/4,passed
case-0324,0:1;1:2;1:2;2:1;2:1,3/4,5,198,1;3;5;6;7,1;44/13;719/130;5797/910;7,46/3;28;28;62/3;62/3,5,passed
case-0325,0:1;1:2;1:2;2:1;2:2,1/4,6,436,1;3;5;6;8,1;36/7;499/70;95/14;8,2;31/3;31/3;22/3;32/3,429/70,passed
case-0325,0:1;1:2;1:2;2:1;2:2,1/2,6,436,1;3;5;6;8,1;4;25/4;27/4;8,16/3;47/3;47/3;32/3;16,6,passed
case-0325,0:1;1:2;1:2;2:1;2:2,3/4,6,436,1;3;5;6;8,1;44/13;719/130;5797/910;8,46/3;95/3;95/3;62/3;32,6,passed
case-0326,0:1;1:2;1:2;2:2;2:2,1/4,7,902,1;3;5;7;9,1;36/7;101/14;121/14;9,2;34/3;34/3;12;12,7,passed
case-0326,0:1;1:2;1:2;2:2;2:2,1/2,7,902,1;3;5;7;9,1;4;25/4;97/12;9,16/3;52/3;52/3;18;18,7,passed
case-0326,0:1;1:2;1:2;2:2;2:2,3/4,7,902,1;3;5;7;9,1;44/13;719/130;6837/910;9,46/3;106/3;106/3;36;36,7,passed
case-0327,0:1;1:2;2:1;2:1;2:1,1/4,4,77,1;3;4;5;6,1;30/7;38/7;206/35;6,5/3;8;22/3;22/3;22/3,4,passed
case-0327,0:1;1:2;2:1;2:1;2:1,1/2,4,77,1;3;4;5;6,1;18/5;24/5;28/5;6,9/2;12;21/2;21/2;21/2,4,passed
case-0327,0:1;1:2;2:1;2:1;2:1,3/4,4,77,1;3;4;5;6,1;42/13;282/65;2406/455;6,29/2;24;41/2;41/2;41/2,4,passed
case-0328,0:1;1:2;2:1;2:1;2:2,1/4,5,187,1;3;4;5;7,1;30/7;38/7;206/35;7,5/3;26/3;22/3;22/3;28/3,5,passed
case-0328,0:1;1:2;2:1;2:1;2:2,1/2,5,187,1;3;4;5;7,1;18/5;24/5;28/5;7,9/2;27/2;21/2;21/2;14,5,passed
case-0328,0:1;1:2;2:1;2:1;2:2,3/4,5,187,1;3;4;5;7,1;42/13;282/65;2406/455;7,29/2;55/2;41/2;41/2;28,5,passed
case-0329,0:1;1:2;2:1;2:2;2:2,1/4,6,413,1;3;4;6;8,1;30/7;38/7;262/35;8,5/3;28/3;22/3;32/3;32/3,6,passed
case-0329,0:1;1:2;2:1;2:2;2:2,1/2,6,413,1;3;4;6;8,1;18/5;24/5;104/15;8,9/2;15;21/2;16;16,6,passed
case-0329,0:1;1:2;2:1;2:2;2:2,3/4,6,413,1;3;4;6;8,1;42/13;282/65;418/65;8,29/2;31;41/2;32;32,6,passed
case-0330,0:1;1:2;2:2;2:2;2:2,1/4,7,858,1;3;5;7;9,1;30/7;52/7;304/35;9,5/3;10;12;12;12,7,passed
case-0330,0:1;1:2;2:2;2:2;2:2,1/2,7,858,1;3;5;7;9,1;18/5;63/10;81/10;9,9/2;33/2;18;18;18,7,passed
case-0330,0:1;1:2;2:2;2:2;2:2,3/4,7,858,1;3;5;7;9,1;42/13;72/13;684/91;9,29/2;69/2;36;36;36,7,passed
case-0331,0:1;2:1;2:1;2:1;2:1,1/4,4,78,1;3;4;5;6,1;30/7;38/7;206/35;6,4/3;22/3;22/3;22/3;22/3,4,passed
case-0331,0:1;2:1;2:1;2:1;2:1,1/2,4,78,1;3;4;5;6,1;18/5;24/5;28/5;6,2;10;10;10;10,4,passed
case-0331,0:1;2:1;2:1;2:1;2:1,3/4,4,78,1;3;4;5;6,1;42/13;282/65;2406/455;6,12;20;20;20;20,4,passed
case-0332,0:1;2:1;2:1;2:1;2:2,1/4,5,157,1;3;4;5;7,1;30/7;38/7;206/35;7,4/3;22/3;22/3;22/3;26/3,5,passed
case-0332,0:1;2:1;2:1;2:1;2:2,1/2,5,157,1;3;4;5;7,1;18/5;24/5;28/5;7,2;10;10;10;12,5,passed
case-0332,0:1;2:1;2:1;2:1;2:2,3/4,5,157,1;3;4;5;7,1;42/13;282/65;2406/455;7,12;20;20;20;24,5,passed
case-0333,0:1;2:1;2:1;2:2;2:2,1/4,6,331,1;3;4;6;8,1;30/7;38/7;262/35;8,4/3;22/3;22/3;10;10,6,passed
case-0333,0:1;2:1;2:1;2:2;2:2,1/2,6,331,1;3;4;6;8,1;18/5;24/5;104/15;8,2;10;10;14;14,6,passed
case-0333,0:1;2:1;2:1;2:2;2:2,3/4,6,331,1;3;4;6;8,1;42/13;282/65;418/65;8,12;20;20;28;28,6,passed
case-0334,0:1;2:1;2:2;2:2;2:2,1/4,7,665,1;3;5;7;9,1;30/7;52/7;304/35;9,4/3;22/3;34/3;34/3;34/3,7,passed
case-0334,0:1;2:1;2:2;2:2;2:2,1/2,7,665,1;3;5;7;9,1;18/5;63/10;81/10;9,2;10;16;16;16,7,passed
case-0334,0:1;2:1;2:2;2:2;2:2,3/4,7,665,1;3;5;7;9,1;42/13;72/13;684/91;9,12;20;32;32;32,7,passed
case-0335,0:1;2:2;2:2;2:2;2:2,1/4,8,1290,1;4;6;8;10,1;46/7;62/7;342/35;10,4/3;38/3;38/3;38/3;38/3,8,passed
case-0335,0:1;2:2;2:2;2:2;2:2,1/2,8,1290,1;4;6;8;10,1;26/5;38/5;46/5;10,2;18;18;18;18,8,passed
case-0335,0:1;2:2;2:2;2:2;2:2,3/4,8,1290,1;4;6;8;10,1;58/13;434/65;3902/455;10,12;36;36;36;36,8,passed
case-0336,0:2;0:2;0:2;0:2;0:2,1/4,10,4053,2;4;6;8;10,5;55/7;65/7;69/7;10,40/3;40/3;40/3;40/3;40/3,10,passed
case-0336,0:2;0:2;0:2;0:2;0:2,1/2,10,4053,2;4;6;8;10,10/3;6;8;28/3;10,20;20;20;20;20,10,passed
case-0336,0:2;0:2;0:2;0:2;0:2,3/4,10,4053,2;4;6;8;10,5/2;125/26;179/26;1577/182;10,40;40;40;40;40,10,passed
case-0337,0:2;0:2;0:2;0:2;1:1,1/4,8,1508,2;4;6;8;9,157/32;733/96;4189/480;9;683/96,12;12;12;12;23/3,9,passed
case-0337,0:2;0:2;0:2;0:2;1:1,1/2,8,1508,2;4;6;8;9,79/24;237/40;79/10;9;167/20,18;18;18;18;11,9,passed
case-0337,0:2;0:2;0:2;0:2;1:1,3/4,8,1508,2;4;6;8;9,159/64;3975/832;28461/4160;250743/29120;9,36;36;36;36;21,250743/29120,passed
case-0338,0:2;0:2;0:2;0:2;1:2,1/4,9,2826,2;4;6;8;10,157/32;1727/224;2041/224;10833/1120;10,157/12;157/12;157/12;157/12;40/3,10833/1120,passed
case-0338,0:2;0:2;0:2;0:2;1:2,1/2,9,2826,2;4;6;8;10,79/24;237/40;79/10;553/60;10,79/4;79/4;79/4;79/4;20,553/60,passed
case-0338,0:2;0:2;0:2;0:2;1:2,3/4,9,2826,2;4;6;8;10,159/64;3975/832;28461/4160;250743/29120;10,159/4;159/4;159/4;159/4;40,9,passed
case-0339,0:2;0:2;0:2;0:2;2:1,1/4,8,1478,2;4;6;8;9,77/16;121/16;697/80;9;125/16,12;12;12;12;26/3,9,passed
case-0339,0:2;0:2;0:2;0:2;2:1,1/2,8,1478,2;4;6;8;9,13/4;117/20;39/5;9;87/10,18;18;18;18;12,9,passed
case-0339,0:2;0:2;0:2;0:2;2:1,3/4,8,1478,2;4;6;8;9,79/32;1975/416;14141/2080;124583/14560;9,36;36;36;36;22,124583/14560,passed
case-0340,0:2;0:2;0:2;0:2;2:2,1/4,8,1798,2;4;6;8;10,77/16;121/16;143/16;759/80;10,77/6;77/6;77/6;77/6;40/3,759/80,passed
case-0340,0:2;0:2;0:2;0:2;2:2,1/2,8,1798,2;4;6;8;10,13/4;117/20;39/5;91/10;10,39/2;39/2;39/2;39/2;20,91/10,passed
case-0340,0:2;0:2;0:2;0:2;2:2,3/4,8,1798,2;4;6;8;10,79/32;1975/416;14141/2080;124583/14560;10,79/2;79/2;79/2;79/2;40,124583/14560,passed
case-0341,0:2;0:2;0:2;1:1;1:1,1/4,7,772,2;4;6;7;8,19/4;147/20;8;85/12;85/12,32/3;32/3;32/3;23/3;23/3,8,passed
case-0341,0:2;0:2;0:2;1:1;1:1,1/2,7,772,2;4;6;7;8,29/9;29/5;116/15;356/45;8,16;16;16;11;11,116/15,passed
case-0341,0:2;0:2;0:2;1:1;1:1,3/4,7,772,2;4;6;7;8,59/24;1475/312;10561/1560;27201/3640;8,32;32;32;21;21,7,passed
case-0342,0:2;0:2;0:2;1:1;1:2,1/4,8,1493,2;4;6;7;9,19/4;89/12;509/60;85/12;9,35/3;35/3;35/3;23/3;12,509/60,passed
case-0342,0:2;0:2;0:2;1:1;1:2,1/2,8,1493,2;4;6;7;9,29/9;29/5;116/15;356/45;9,53/3;53/3;53/3;11;18,8,passed
case-0342,0:2;0:2;0:2;1:1;1:2,3/4,8,1493,2;4;6;7;9,59/24;1475/312;10561/1560;27201/3640;9,107/3;107/3;107/3;21;36,8,passed
case-0343,0:2;0:2;0:2;1:1;2:1,1/4,6,431,2;4;6;7;8,149/32;697/96;8;659/96;2159/288,32/3;32/3;32/3;89/12;101/12,8,passed
case-0343,0:2;0:2;0:2;1:1;2:1,1/2,6,431,2;4;6;7;8,229/72;229/40;229/30;1403/180;8,16;16;16;43/4;47/4,229/30,passed
case-0343,0:2;0:2;0:2;1:1;2:1,3/4,6,431,2;4;6;7;8,469/192;11725/2496;83951/12480;216031/29120;8,32;32;32;83/4;87/4,83951/12480,passed
case-0344,0:2;0:2;0:2;1:1;2:2,1/4,7,891,2;4;6;7;9,149/32;697/96;797/96;659/96;9,137/12;137/12;137/12;89/12;12,797/96,passed
case-0344,0:2;0:2;0:2;1:1;2:2,1/2,7,891,2;4;6;7;9,229/72;229/40;229/30;1403/180;9,209/12;209/12;209/12;43/4;18,229/30,passed
case-0344,0:2;0:2;0:2;1:1;2:2,3/4,7,891,2;4;6;7;9,469/192;11725/2496;83951/12480;216031/29120;9,425/12;425/12;425/12;83/4;36,7,passed
case-0345,0:2;0:2;0:2;1:2;1:2,1/4,9,2803,2;4;6;8;10,19/4;209/28;247/28;1367/140;10,38/3;38/3;38/3;40/3;40/3,9,passed
case-0345,0:2;0:2;0:2;1:2;1:2,1/2,9,2803,2;4;6;8;10,29/9;29/5;116/15;416/45;10,58/3;58/3;58/3;20;20,9,passed
case-0345,0:2;0:2;0:2;1:2;1:2,3/4,9,2803,2;4;6;8;10,59/24;1475/312;10561/1560;31361/3640;10,118/3;118/3;118/3;40;40,9,passed
case-0346,0:2;0:2;0:2;1:2;2:1,1/4,7,905,2;4;6;8;9,149/32;1639/224;9479/1120;9;1731/224,35/3;35/3;35/3;12;26/3,9479/1120,passed
case-0346,0:2;0:2;0:2;1:2;2:1,1/2,7,905,2;4;6;8;9,229/72;229/40;229/30;9;517/60,53/3;53/3;53/3;18;12,8,passed
case-0346,0:2;0:2;0:2;1:2;2:1,3/4,7,905,2;4;6;8;9,469/192;11725/2496;83951/12480;249311/29120;9,107/3;107/3;107/3;36;22,220191/29120,passed
case-0347,0:2;0:2;0:2;1:2;2:2,1/4,8,1788,2;4;6;8;10,149/32;1639/224;1937/224;10729/1120;10,149/12;149/12;149/12;157/12;40/3,1937/224,passed
case-0347,0:2;0:2;0:2;1:2;2:2,1/2,8,1788,2;4;6;8;10,229/72;229/40;229/30;1643/180;10,229/12;229/12;229/12;79/4;20,1463/180,passed
case-0347,0:2;0:2;0:2;1:2;2:2,3/4,8,1788,2;4;6;8;10,469/192;11725/2496;83951/12480;249311/29120;10,469/12;469/12;469/12;159/4;40,8,passed
case-0348,0:2;0:2;0:2;2:1;2:1,1/4,6,403,2;4;6;7;8,9/2;99/14;8;107/14;107/14,32/3;32/3;32/3;26/3;26/3,8,passed
case-0348,0:2;0:2;0:2;2:1;2:1,1/2,6,403,2;4;6;7;8,28/9;28/5;112/15;352/45;8,16;16;16;12;12,112/15,passed
case-0348,0:2;0:2;0:2;2:1;2:1,3/4,6,403,2;4;6;7;8,29/12;725/156;5191/780;13511/1820;8,32;32;32;22;22,5191/780,passed
case-0349,0:2;0:2;0:2;2:1;2:2,1/4,7,846,2;4;6;7;9,9/2;99/14;115/14;107/14;9,34/3;34/3;34/3;26/3;12,115/14,passed
case-0349,0:2;0:2;0:2;2:1;2:2,1/2,7,846,2;4;6;7;9,28/9;28/5;112/15;352/45;9,52/3;52/3;52/3;12;18,112/15,passed
case-0349,0:2;0:2;0:2;2:1;2:2,3/4,7,846,2;4;6;7;9,29/12;725/156;5191/780;13511/1820;9,106/3;106/3;106/3;22;36,7,passed
case-0350,0:2;0:2;0:2;2:2;2:2,1/4,8,1692,2;4;6;8;10,9/2;99/14;117/14;677/70;10,12;12;12;40/3;40/3,117/14,passed
case-0350,0:2;0:2;0:2;2:2;2:2,1/2,8,1692,2;4;6;8;10,28/9;28/5;112/15;412/45;10,56/3;56/3;56/3;20;20,8,passed
case-0350,0:2;0:2;0:2;2:2;2:2,3/4,8,1692,2;4;6;8;10,29/12;725/156;5191/780;15591/1820;10,116/3;116/3;116/3;40;40,8,passed
case-0351,0:2;0:2;1:1;1:1;1:1,1/4,6,374,2;4;5;6;7,71/16;781/112;783/112;3919/560;7,28/3;28/3;23/3;23/3;23/3,781/112,passed
case-0351,0:2;0:2;1:1;1:1;1:1,1/2,6,374,2;4;5;6;7,37/12;111/20;251/40;811/120;7,14;14;11;11;11,6,passed
case-0351,0:2;0:2;1:1;1:1;1:1,3/4,6,374,2;4;5;6;7,77/32;1925/416;11599/2080;13291/2080;7,28;28;21;21;21,6,passed
case-0352,0:2;0:2;1:1;1:1;1:2,1/4,7,757,2;4;5;6;8,71/16;781/112;783/112;3919/560;8,61/6;61/6;23/3;23/3;32/3,7,passed
case-0352,0:2;0:2;1:1;1:1;1:2,1/2,7,757,2;4;5;6;8,37/12;111/20;251/40;811/120;8,31/2;31/2;11;11;16,7,passed
case-0352,0:2;0:2;1:1;1:1;1:2,3/4,7,757,2;4;5;6;8,77/32;1925/416;11599/2080;13291/2080;8,63/2;63/2;21;21;32,7,passed
case-0353,0:2;0:2;1:1;1:1;2:1,1/4,5,184,2;4;5;6;7,139/32;1091/160;653/96;653/96;7,28/3;28/3;89/12;89/12;49/6,1091/160,passed
case-0353,0:2;0:2;1:1;1:1;2:1,1/2,5,184,2;4;5;6;7,73/24;219/40;247/40;797/120;7,14;14;43/4;43/4;23/2,677/120,passed
case-0353,0:2;0:2;1:1;1:1;2:1,3/4,5,184,2;4;5;6;7,153/64;3825/832;23019/4160;184497/29120;7,28;28;83/4;83/4;43/2,155377/29120,passed
case-0354,0:2;0:2;1:1;1:1;2:2,1/4,6,413,2;4;5;6;8,139/32;1091/160;653/96;653/96;8,119/12;119/12;89/12;89/12;32/3,1091/160,passed
case-0354,0:2;0:2;1:1;1:1;2:2,1/2,6,413,2;4;5;6;8,73/24;219/40;247/40;797/120;8,61/4;61/4;43/4;43/4;16,6,passed
case-0354,0:2;0:2;1:1;1:1;2:2,3/4,6,413,2;4;5;6;8,153/64;3825/832;23019/4160;184497/29120;8,125/4;125/4;83/4;83/4;32,6,passed
case-0355,0:2;0:2;1:1;1:2;1:2,1/4,8,1470,2;4;5;7;9,71/16;781/112;783/112;963/112;9,11;11;23/3;12;12,8,passed
case-0355,0:2;0:2;1:1;1:2;1:2,1/2,8,1470,2;4;5;7;9,37/12;111/20;251/40;971/120;9,17;17;11;18;18,8,passed
case-0355,0:2;0:2;1:1;1:2;1:2,3/4,8,1470,2;4;5;7;9,77/32;1925/416;11599/2080;109677/14560;9,35;35;21;36;36,8,passed
case-0356,0:2;0:2;1:1;1:2;2:1,1/4,6,420,2;4;5;7;8,139/32;655/96;653/96;8;2105/288,61/6;61/6;89/12;32/3;101/12,7,passed
case-0356,0:2;0:2;1:1;1:2;2:1,1/2,6,420,2;4;5;7;8,73/24;219/40;247/40;319/40;8,31/2;31/2;43/4;16;47/4,279/40,passed
case-0356,0:2;0:2;1:1;1:2;2:1,3/4,6,420,2;4;5;7;8,153/64;3825/832;23019/4160;31111/4160;8,63/2;63/2;83/4;32;87/4,26951/4160,passed
case-0357,0:2;0:2;1:1;1:2;2:2,1/4,7,877,2;4;5;7;9,139/32;655/96;653/96;4039/480;9,43/4;43/4;89/12;47/4;12,3559/480,passed
case-0357,0:2;0:2;1:1;1:2;2:2,1/2,7,877,2;4;5;7;9,73/24;219/40;247/40;319/40;9,67/4;67/4;43/4;71/4;18,7,passed
case-0357,0:2;0:2;1:1;1:2;2:2,3/4,7,877,2;4;5;7;9,153/64;3825/832;23019/4160;31111/4160;9,139/4;139/4;83/4;143/4;36,7,passed
case-0358,0:2;0:2;1:1;2:1;2:1,1/4,5,172,2;4;5;6;7,67/16;105/16;103/16;553/80;7,28/3;28/3;7;25/3;25/3,105/16,passed
case-0358,0:2;0:2;1:1;2:1;2:1,1/2,5,172,2;4;5;6;7,107/36;107/20;721/120;2401/360;7,14;14;31/3;35/3;35/3,107/20,passed
case-0358,0:2;0:2;1:1;2:1;2:1,3/4,5,172,2;4;5;6;7,227/96;5675/1248;34081/6240;92321/14560;7,28;28;61/3;65/3;65/3,5,passed
case-0359,0:2;0:2;1:1;2:1;2:2,1/4,6,392,2;4;5;6;8,67/16;105/16;103/16;553/80;8,59/6;59/6;7;25/3;32/3,105/16,passed
case-0359,0:2;0:2;1:1;2:1;2:2,1/2,6,392,2;4;5;6;8,107/36;107/20;721/120;2401/360;8,91/6;91/6;31/3;35/3;16,6,passed
case-0359,0:2;0:2;1:1;2:1;2:2,3/4,6,392,2;4;5;6;8,227/96;5675/1248;34081/6240;92321/14560;8,187/6;187/6;61/3;65/3;32,6,passed
case-0360,0:2;0:2;1:1;2:2;2:2,1/4,7,829,2;4;5;7;9,67/16;105/16;103/16;681/80;9,31/3;31/3;7;12;12,7,passed
case-0360,0:2;0:2;1:1;2:2;2:2,1/2,7,829,2;4;5;7;9,107/36;107/20;721/120;2881/360;9,49/3;49/3;31/3;18;18,7,passed
case-0360,0:2;0:2;1:1;2:2;2:2,3/4,7,829,2;4;5;7;9,227/96;5675/1248;34081/6240;108961/14560;9,103/3;103/3;61/3;36;36,7,passed
case-0361,0:2;0:2;1:2;1:2;1:2,1/4,9,2768,2;4;6;8;10,71/16;781/112;1007/112;5487/560;10,71/6;71/6;40/3;40/3;40/3,9,passed
case-0361,0:2;0:2;1:2;1:2;1:2,1/2,9,2768,2;4;6;8;10,37/12;111/20;311/40;1111/120;10,37/2;37/2;20;20;20,9,passed
case-0361,0:2;0:2;1:2;1:2;1:2,3/4,9,2768,2;4;6;8;10,77/32;1925/416;2819/416;25097/2912;10,77/2;77/2;40;40;40,9,passed
case-0362,0:2;0:2;1:2;1:2;2:1,1/4,7,887,2;4;6;8;9,139/32;1529/224;9593/1120;9;1693/224,11;11;12;12;26/3,8,passed
case-0362,0:2;0:2;1:2;1:2;2:1,1/2,7,887,2;4;6;8;9,73/24;219/40;307/40;9;343/40,17;17;18;18;12,8,passed
case-0362,0:2;0:2;1:2;1:2;2:1,3/4,7,887,2;4;6;8;9,153/64;3825/832;28011/4160;249393/29120;9,35;35;36;36;22,220273/29120,passed
case-0363,0:2;0:2;1:2;1:2;2:2,1/4,8,1764,2;4;6;8;10,139/32;1529/224;1975/224;10767/1120;10,139/12;139/12;157/12;157/12;40/3,9647/1120,passed
case-0363,0:2;0:2;1:2;1:2;2:2,1/2,8,1764,2;4;6;8;10,73/24;219/40;307/40;1097/120;10,73/4;73/4;79/4;79/4;20,977/120,passed
case-0363,0:2;0:2;1:2;1:2;2:2,3/4,8,1764,2;4;6;8;10,153/64;3825/832;28011/4160;249393/29120;10,153/4;153/4;159/4;159/4;40,8,passed
case-0364,0:2;0:2;1:2;2:1;2:1,1/4,6,402,2;4;6;7;8,67/16;737/112;8;837/112;837/112,61/6;61/6;32/3;26/3;26/3,7,passed
case-0364,0:2;0:2;1:2;2:1;2:1,1/2,6,402,2;4;6;7;8,107/36;107/20;901/120;2821/360;8,31/2;31/2;16;12;12,781/120,passed
case-0364,0:2;0:2;1:2;2:1;2:1,3/4,6,402,2;4;6;7;8,227/96;5675/1248;41569/6240;15447/2080;8,63/2;63/2;32;22;22,6,passed
case-0365,0:2;0:2;1:2;2:1;2:2,1/4,7,847,2;4;6;7;9,67/16;737/112;4657/560;837/112;9,32/3;32/3;35/3;26/3;12,4097/560,passed
case-0365,0:2;0:2;1:2;2:1;2:2,1/2,7,847,2;4;6;7;9,107/36;107/20;901/120;2821/360;9,50/3;50/3;53/3;12;18,7,passed
case-0365,0:2;0:2;1:2;2:1;2:2,3/4,7,847,2;4;6;7;9,227/96;5675/1248;41569/6240;15447/2080;9,104/3;104/3;107/3;22;36,7,passed
case-0366,0:2;0:2;1:2;2:2;2:2,1/4,8,1698,2;4;6;8;10,67/16;737/112;955/112;1087/112;10,67/6;67/6;38/3;40/3;40/3,8,passed
case-0366,0:2;0:2;1:2;2:2;2:2,1/2,8,1698,2;4;6;8;10,107/36;107/20;901/120;3301/360;10,107/6;107/6;58/3;20;20,8,passed
case-0366,0:2;0:2;1:2;2:2;2:2,3/4,8,1698,2;4;6;8;10,227/96;5675/1248;41569/6240;124769/14560;10,227/6;227/6;118/3;40;40,8,passed
case-0367,0:2;0:2;2:1;2:1;2:1,1/4,5,152,2;4;5;6;7,31/8;341/56;375/56;1943/280;7,28/3;28/3;26/3;26/3;26/3,341/56,passed
case-0367,0:2;0:2;2:1;2:1;2:1,1/2,5,152,2;4;5;6;7,17/6;51/10;121/20;401/60;7,14;14;12;12;12,51/10,passed
case-0367,0:2;0:2;2:1;2:1;2:1,3/4,5,152,2;4;5;6;7,37/16;925/208;5687/1040;46181/7280;7,28;28;22;22;22,5,passed
case-0368,0:2;0:2;2:1;2:1;2:2,1/4,6,358,2;4;5;6;8,31/8;341/56;375/56;1943/280;8,29/3;29/3;26/3;26/3;32/3,341/56,passed
case-0368,0:2;0:2;2:1;2:1;2:2,1/2,6,358,2;4;5;6;8,17/6;51/10;121/20;401/60;8,15;15;12;12;16,6,passed
case-0368,0:2;0:2;2:1;2:1;2:2,3/4,6,358,2;4;5;6;8,37/16;925/208;5687/1040;46181/7280;8,31;31;22;22;32,6,passed
case-0369,0:2;0:2;2:1;2:2;2:2,1/4,7,771,2;4;5;7;9,31/8;341/56;375/56;2391/280;9,10;10;26/3;12;12,7,passed
case-0369,0:2;0:2;2:1;2:2;2:2,1/2,7,771,2;4;5;7;9,17/6;51/10;121/20;481/60;9,16;16;12;18;18,7,passed
case-0369,0:2;0:2;2:1;2:2;2:2,3/4,7,771,2;4;5;7;9,37/16;925/208;5687/1040;54501/7280;9,34;34;22;36;36,7,passed
case-0370,0:2;0:2;2:2;2:2;2:2,1/4,8,1568,2;4;6;8;10,31/8;341/56;487/56;2727/280;10,31/3;31/3;40/3;40/3;40/3,8,passed
case-0370,0:2;0:2;2:2;2:2;2:2,1/2,8,1568,2;4;6;8;10,17/6;51/10;151/20;551/60;10,17;17;20;20;20,8,passed
case-0370,0:2;0:2;2:2;2:2;2:2,3/4,8,1568,2;4;6;8;10,37/16;925/208;1387/208;1783/208;10,37;37;40;40;40,8,passed
case-0371,0:2;1:1;1:1;1:1;1:1,1/4,5,175,2;3;4;5;6,7/2;69/14;79/14;83/14;6,8;23/3;23/3;23/3;23/3,5,passed
case-0371,0:2;1:1;1:1;1:1;1:1,1/2,5,175,2;3;4;5;6,8/3;4;5;17/3;6,12;11;11;11;11,5,passed
case-0371,0:2;1:1;1:1;1:1;1:1,3/4,5,175,2;3;4;5;6,9/4;177/52;231/52;1941/364;6,24;21;21;21;21,5,passed
case-0372,0:2;1:1;1:1;1:1;1:2,1/4,6,375,2;3;4;5;7,7/2;69/14;79/14;83/14;7,25/3;23/3;23/3;23/3;28/3,6,passed
case-0372,0:2;1:1;1:1;1:1;1:2,1/2,6,375,2;3;4;5;7,8/3;4;5;17/3;7,13;11;11;11;14,6,passed
case-0372,0:2;1:1;1:1;1:1;1:2,3/4,6,375,2;3;4;5;7,9/4;177/52;231/52;1941/364;7,27;21;21;21;28,6,passed
case-0373,0:2;1:1;1:1;1:1;2:1,1/4,4,74,2;3;4;5;6,109/32;153/32;175/32;919/160;6,8;89/12;89/12;89/12;95/12,759/160,passed
case-0373,0:2;1:1;1:1;1:1;2:1,1/2,4,74,2;3;4;5;6,21/8;157/40;49/10;111/20;6,12;43/4;43/4;43/4;45/4,91/20,passed
case-0373,0:2;1:1;1:1;1:1;2:1,3/4,4,74,2;3;4;5;6,143/64;2807/832;18301/4160;153703/29120;6,24;83/4;83/4;83/4;85/4,124583/29120,passed
case-0374,0:2;1:1;1:1;1:1;2:2,1/4,5,186,2;3;4;5;7,109/32;153/32;175/32;919/160;7,97/12;89/12;89/12;89/12;28/3,5,passed
case-0374,0:2;1:1;1:1;1:1;2:2,1/2,5,186,2;3;4;5;7,21/8;157/40;49/10;111/20;7,51/4;43/4;43/4;43/4;14,5,passed
case-0374,0:2;1:1;1:1;1:1;2:2,3/4,5,186,2;3;4;5;7,143/64;2807/832;18301/4160;153703/29120;7,107/4;83/4;83/4;83/4;28,5,passed
case-0375,0:2;1:1;1:1;1:2;1:2,1/4,7,758,2;3;4;6;8,7/2;69/14;79/14;527/70;8,26/3;23/3;23/3;32/3;32/3,7,passed
case-0375,0:2;1:1;1:1;1:2;1:2,1/2,7,758,2;3;4;6;8,8/3;4;5;7;8,14;11;11;16;16,7,passed
case-0375,0:2;1:1;1:1;1:2;1:2,3/4,7,758,2;3;4;6;8,9/4;177/52;231/52;2357/364;8,30;21;21;32;32,7,passed
case-0376,0:2;1:1;1:1;1:2;2:1,1/4,5,188,2;3;4;6;7,109/32;153/32;175/32;7;617/96,25/3;89/12;89/12;28/3;49/6,6,passed
case-0376,0:2;1:1;1:1;1:2;2:1,1/2,5,188,2;3;4;6;7,21/8;157/40;49/10;413/60;7,13;43/4;43/4;14;23/2,353/60,passed
case-0376,0:2;1:1;1:1;1:2;2:1,3/4,5,188,2;3;4;6;7,143/64;2807/832;18301/4160;186983/29120;7,27;83/4;83/4;28;43/2,157863/29120,passed
case-0377,0:2;1:1;1:1;1:2;2:2,1/4,6,421,2;3;4;6;8,109/32;153/32;175/32;235/32;8,101/12;89/12;89/12;125/12;32/3,203/32,passed
case-0377,0:2;1:1;1:1;1:2;2:2,1/2,6,421,2;3;4;6;8,21/8;157/40;49/10;413/60;8,55/4;43/4;43/4;63/4;16,6,passed
case-0377,0:2;1:1;1:1;1:2;2:2,3/4,6,421,2;3;4;6;8,143/64;2807/832;18301/4160;186983/29120;8,119/4;83/4;83/4;127/4;32,6,passed
case-0378,0:2;1:1;1:1;2:1;2:1,1/4,4,71,2;3;4;5;6,13/4;127/28;145/28;817/140;6,8;7;7;8;8,117/28,passed
case-0378,0:2;1:1;1:1;2:1;2:1,1/2,4,71,2;3;4;5;6,23/9;19/5;71/15;251/45;6,12;31/3;31/3;34/3;34/3,4,passed
case-0378,0:2;1:1;1:1;2:1;2:1,3/4,4,71,2;3;4;5;6,53/24;1037/312;6751/1560;19231/3640;6,24;61/3;61/3;64/3;64/3,4,passed
case-0379,0:2;1:1;1:1;2:1;2:2,1/4,5,180,2;3;4;5;7,13/4;127/28;145/28;817/140;7,8;7;7;8;28/3,5,passed
case-0379,0:2;1:1;1:1;2:1;2:2,1/2,5,180,2;3;4;5;7,23/9;19/5;71/15;251/45;7,38/3;31/3;31/3;34/3;14,5,passed
case-0379,0:2;1:1;1:1;2:1;2:2,3/4,5,180,2;3;4;5;7,53/24;1037/312;6751/1560;19231/3640;7,80/3;61/3;61/3;64/3;28,5,passed
case-0380,0:2;1:1;1:1;2:2;2:2,1/4,6,406,2;3;4;6;8,13/4;127/28;145/28;1041/140;8,8;7;7;32/3;32/3,6,passed
case-0380,0:2;1:1;1:1;2:2;2:2,1/2,6,406,2;3;4;6;8,23/9;19/5;71/15;311/45;8,40/3;31/3;31/3;16;16,6,passed
case-0380,0:2;1:1;1:1;2:2;2:2,3/4,6,406,2;3;4;6;8,53/24;1037/312;6751/1560;23391/3640;8,88/3;61/3;61/3;32;32,6,passed
case-0381,0:2;1:1;1:2;1:2;1:2,1/4,8,1471,2;3;5;7;9,7/2;69/14;107/14;611/70;9,9;23/3;12;12;12,8,passed
case-0381,0:2;1:1;1:2;1:2;1:2,1/2,8,1471,2;3;5;7;9,8/3;4;13/2;49/6;9,15;11;18;18;18,8,passed
case-0381,0:2;1:1;1:2;1:2;1:2,3/4,8,1471,2;3;5;7;9,9/4;177/52;1467/260;13761/1820;9,33;21;36;36;36,8,passed
case-0382,0:2;1:1;1:2;1:2;2:1,1/4,6,425,2;3;5;7;8,109/32;153/32;1177/160;8;221/32,26/3;89/12;32/3;32/3;101/12,7,passed
case-0382,0:2;1:1;1:2;1:2;2:1,1/2,6,425,2;3;5;7;8,21/8;157/40;32/5;8;157/20,14;43/4;16;16;47/4,7,passed
case-0382,0:2;1:1;1:2;1:2;2:1,3/4,6,425,2;3;5;7;8,143/64;2807/832;23293/4160;218599/29120;8,30;83/4;32;32;87/4,189479/29120,passed
case-0383,0:2;1:1;1:2;1:2;2:2,1/4,7,887,2;3;5;7;9,109/32;153/32;239/32;1367/160;9,35/4;89/12;47/4;47/4;12,1207/160,passed
case-0383,0:2;1:1;1:2;1:2;2:2,1/2,7,887,2;3;5;7;9,21/8;157/40;32/5;161/20;9,59/4;43/4;71/4;71/4;18,141/20,passed
case-0383,0:2;1:1;1:2;1:2;2:2,3/4,7,887,2;3;5;7;9,143/64;2807/832;23293/4160;218599/29120;9,131/4;83/4;143/4;143/4;36,7,passed
case-0384,0:2;1:1;1:2;2:1;2:1,1/4,5,181,2;3;5;6;7,13/4;127/28;7;191/28;191/28,25/3;7;28/3;25/3;25/3,6,passed
case-0384,0:2;1:1;1:2;2:1;2:1,1/2,5,181,2;3;5;6;7,23/9;19/5;187/30;607/90;7,13;31/3;14;35/3;35/3,157/30,passed
case-0384,0:2;1:1;1:2;2:1;2:1,3/4,5,181,2;3;5;6;7,53/24;1037/312;8623/1560;23183/3640;7,27;61/3;28;65/3;65/3,5,passed
case-0385,0:2;1:1;1:2;2:1;2:2,1/4,6,409,2;3;5;6;8,13/4;127/28;199/28;191/28;8,25/3;7;31/3;25/3;32/3,171/28,passed
case-0385,0:2;1:1;1:2;2:1;2:2,1/2,6,409,2;3;5;6;8,23/9;19/5;187/30;607/90;8,41/3;31/3;47/3;35/3;16,6,passed
case-0385,0:2;1:1;1:2;2:1;2:2,3/4,6,409,2;3;5;6;8,53/24;1037/312;8623/1560;23183/3640;8,89/3;61/3;95/3;65/3;32,6,passed
case-0386,0:2;1:1;1:2;2:2;2:2,1/4,7,860,2;3;5;7;9,13/4;127/28;201/28;1209/140;9,25/3;7;34/3;12;12,7,passed
case-0386,0:2;1:1;1:2;2:2;2:2,1/2,7,860,2;3;5;7;9,23/9;19/5;187/30;727/90;9,43/3;31/3;52/3;18;18,7,passed
case-0386,0:2;1:1;1:2;2:2;2:2,3/4,7,860,2;3;5;7;9,53/24;1037/312;8623/1560;27343/3640;9,97/3;61/3;106/3;36;36,7,passed
case-0387,0:2;1:1;2:1;2:1;2:1,1/4,4,71,2;3;4;5;6,47/16;453/112;599/112;3287/560;6,15/2;37/6;8;8;8,4,passed
case-0387,0:2;1:1;2:1;2:1;2:1,1/2,4,71,2;3;4;5;6,29/12;71/20;191/40;671/120;6,12;19/2;23/2;23/2;23/2,4,passed
case-0387,0:2;1:1;2:1;2:1;2:1,3/4,4,71,2;3;4;5;6,69/32;1341/416;1803/416;2199/416;6,24;39/2;43/2;43/2;43/2,4,passed
case-0388,0:2;1:1;2:1;2:1;2:2,1/4,5,177,2;3;4;5;7,47/16;453/112;599/112;3287/560;7,15/2;37/6;8;8;28/3,5,passed
case-0388,0:2;1:1;2:1;2:1;2:2,1/2,5,177,2;3;4;5;7,29/12;71/20;191/40;671/120;7,25/2;19/2;23/2;23/2;14,5,passed
case-0388,0:2;1:1;2:1;2:1;2:2,3/4,5,177,2;3;4;5;7,69/32;1341/416;1803/416;2199/416;7,53/2;39/2;43/2;43/2;28,5,passed
case-0389,0:2;1:1;2:1;2:2;2:2,1/4,6,397,2;3;4;6;8,47/16;453/112;599/112;4183/560;8,15/2;37/6;8;32/3;32/3,6,passed
case-0389,0:2;1:1;2:1;2:2;2:2,1/2,6,397,2;3;4;6;8,29/12;71/20;191/40;277/40;8,13;19/2;23/2;16;16,6,passed
case-0389,0:2;1:1;2:1;2:2;2:2,3/4,6,397,2;3;4;6;8,69/32;1341/416;1803/416;18721/2912;8,29;39/2;43/2;32;32,6,passed
case-0390,0:2;1:1;2:2;2:2;2:2,1/4,7,833,2;3;5;7;9,47/16;453/112;823/112;971/112;9,15/2;37/6;12;12;12,7,passed
case-0390,0:2;1:1;2:2;2:2;2:2,1/2,7,833,2;3;5;7;9,29/12;71/20;251/40;971/120;9,27/2;19/2;18;18;18,7,passed
case-0390,0:2;1:1;2:2;2:2;2:2,3/4,7,833,2;3;5;7;9,69/32;1341/416;11511/2080;109413/14560;9,63/2;39/2;36;36;36,7,passed
case-0391,0:2;1:2;1:2;1:2;1:2,1/4,9,2769,2;4;6;8;10,7/2;101/14;127/14;687/70;10,28/3;40/3;40/3;40/3;40/3,9,passed
case-0391,0:2;1:2;1:2;1:2;1:2,1/2,9,2769,2;4;6;8;10,8/3;28/5;39/5;139/15;10,16;20;20;20;20,9,passed
case-0391,0:2;1:2;1:2;1:2;1:2,3/4,9,2769,2;4;6;8;10,9/4;241/52;1763/260;15689/1820;10,36;40;40;40;40,9,passed
case-0392,0:2;1:2;1:2;1:2;2:1,1/4,7,893,2;4;6;8;9,109/32;1583/224;9647/1120;9;1675/224,9;12;12;12;26/3,8,passed
case-0392,0:2;1:2;1:2;1:2;2:1,1/2,7,893,2;4;6;8;9,21/8;221/40;77/10;9;171/20,15;18;18;18;12,8,passed
case-0392,0:2;1:2;1:2;1:2;2:1,3/4,7,893,2;4;6;8;9,143/64;3831/832;28029/4160;249447/29120;9,33;36;36;36;22,220327/29120,passed
case-0393,0:2;1:2;1:2;1:2;2:2,1/4,8,1776,2;4;6;8;10,109/32;1583/224;1993/224;2157/224;10,109/12;157/12;157/12;157/12;40/3,1933/224,passed
case-0393,0:2;1:2;1:2;1:2;2:2,1/2,8,1776,2;4;6;8;10,21/8;221/40;77/10;183/20;10,63/4;79/4;79/4;79/4;20,163/20,passed
case-0393,0:2;1:2;1:2;1:2;2:2,3/4,8,1776,2;4;6;8;10,143/64;3831/832;28029/4160;249447/29120;10,143/4;159/4;159/4;159/4;40,8,passed
case-0394,0:2;1:2;1:2;2:1;2:1,1/4,6,414,2;4;6;7;8,13/4;191/28;8;207/28;207/28,26/3;32/3;32/3;26/3;26/3,7,passed
case-0394,0:2;1:2;1:2;2:1;2:1,1/2,6,414,2;4;6;7;8,23/9;27/5;113/15;353/45;8,14;16;16;12;12,98/15,passed
case-0394,0:2;1:2;1:2;2:1;2:1,3/4,6,414,2;4;6;7;8,53/24;1421/312;10399/1560;27039/3640;8,30;32;32;22;22,6,passed
case-0395,0:2;1:2;1:2;2:1;2:2,1/4,7,869,2;4;6;7;9,13/4;191/28;1171/140;207/28;9,26/3;35/3;35/3;26/3;12,1031/140,passed
case-0395,0:2;1:2;1:2;2:1;2:2,1/2,7,869,2;4;6;7;9,23/9;27/5;113/15;353/45;9,44/3;53/3;53/3;12;18,7,passed
case-0395,0:2;1:2;1:2;2:1;2:2,3/4,7,869,2;4;6;7;9,53/24;1421/312;10399/1560;27039/3640;9,98/3;107/3;107/3;22;36,7,passed
case-0396,0:2;1:2;1:2;2:2;2:2,1/4,8,1737,2;4;6;8;10,13/4;191/28;241/28;1361/140;10,26/3;38/3;38/3;40/3;40/3,8,passed
case-0396,0:2;1:2;1:2;2:2;2:2,1/2,8,1737,2;4;6;8;10,23/9;27/5;113/15;413/45;10,46/3;58/3;58/3;20;20,8,passed
case-0396,0:2;1:2;1:2;2:2;2:2,3/4,8,1737,2;4;6;8;10,53/24;1421/312;10399/1560;4457/520;10,106/3;118/3;118/3;40;40,8,passed
case-0397,0:2;1:2;2:1;2:1;2:1,1/4,5,173,2;4;5;6;7,47/16;709/112;759/112;779/112;7,47/6;28/3;17/2;17/2;17/2,597/112,passed
case-0397,0:2;1:2;2:1;2:1;2:1,1/2,5,173,2;4;5;6;7,29/12;103/20;243/40;803/120;7,13;14;12;12;12,5,passed
case-0397,0:2;1:2;2:1;2:1;2:1,3/4,5,173,2;4;5;6;7,69/32;1853/416;11383/2080;92389/14560;7,27;28;22;22;22,5,passed
case-0398,0:2;1:2;2:1;2:1;2:2,1/4,6,394,2;4;5;6;8,47/16;709/112;759/112;779/112;8,47/6;61/6;17/2;17/2;32/3,6,passed
case-0398,0:2;1:2;2:1;2:1;2:2,1/2,6,394,2;4;5;6;8,29/12;103/20;243/40;803/120;8,27/2;31/2;12;12;16,6,passed
case-0398,0:2;1:2;2:1;2:1;2:2,3/4,6,394,2;4;5;6;8,69/32;1853/416;11383/2080;92389/14560;8,59/2;63/2;22;22;32,6,passed
case-0399,0:2;1:2;2:1;2:2;2:2,1/4,7,833,2;4;5;7;9,47/16;709/112;759/112;4791/560;9,47/6;11;17/2;12;12,7,passed
case-0399,0:2;1:2;2:1;2:2;2:2,1/2,7,833,2;4;5;7;9,29/12;103/20;243/40;321/40;9,14;17;12;18;18,7,passed
case-0399,0:2;1:2;2:1;2:2;2:2,3/4,7,833,2;4;5;7;9,69/32;1853/416;11383/2080;109029/14560;9,32;35;22;36;36,7,passed
case-0400,0:2;1:2;2:2;2:2;2:2,1/4,8,1674,2;4;6;8;10,47/16;709/112;983/112;5463/560;10,47/6;71/6;40/3;40/3;40/3,8,passed
case-0400,0:2;1:2;2:2;2:2;2:2,1/2,8,1674,2;4;6;8;10,29/12;103/20;303/40;1103/120;10,29/2;37/2;20;20;20,8,passed
case-0400,0:2;1:2;2:2;2:2;2:2,3/4,8,1674,2;4;6;8;10,69/32;1853/416;13879/2080;124837/14560;10,69/2;77/2;40;40;40,8,passed
case-0401,0:2;2:1;2:1;2:1;2:1,1/4,4,76,2;3;4;5;6,2;30/7;38/7;206/35;6,16/3;8;8;8;8,4,passed
case-0401,0:2;2:1;2:1;2:1;2:1,1/2,4,76,2;3;4;5;6,2;18/5;24/5;28/5;6,12;12;12;12;12,4,passed
case-0401,0:2;2:1;2:1;2:1;2:1,3/4,4,76,2;3;4;5;6,2;42/13;282/65;2406/455;6,24;22;22;22;22,4,passed
case-0402,0:2;2:1;2:1;2:1;2:2,1/4,5,182,2;3;4;5;7,2;30/7;38/7;206/35;7,16/3;8;8;8;28/3,5,passed
case-0402,0:2;2:1;2:1;2:1;2:2,1/2,5,182,2;3;4;5;7,2;18/5;24/5;28/5;7,12;12;12;12;14,5,passed
case-0402,0:2;2:1;2:1;2:1;2:2,3/4,5,182,2;3;4;5;7,2;42/13;282/65;2406/455;7,26;22;22;22;28,5,passed
case-0403,0:2;2:1;2:1;2:2;2:2,1/4,6,399,2;3;4;6;8,2;30/7;38/7;262/35;8,16/3;8;8;32/3;32/3,6,passed
case-0403,0:2;2:1;2:1;2:2;2:2,1/2,6,399,2;3;4;6;8,2;18/5;24/5;104/15;8,12;12;12;16;16,6,passed
case-0403,0:2;2:1;2:1;2:2;2:2,3/4,6,399,2;3;4;6;8,2;42/13;282/65;418/65;8,28;22;22;32;32,6,passed
case-0404,0:2;2:1;2:2;2:2;2:2,1/4,7,826,2;3;5;7;9,2;30/7;52/7;304/35;9,16/3;8;12;12;12,7,passed
case-0404,0:2;2:1;2:2;2:2;2:2,1/2,7,826,2;3;5;7;9,2;18/5;63/10;81/10;9,12;12;18;18;18,7,passed
case-0404,0:2;2:1;2:2;2:2;2:2,3/4,7,826,2;3;5;7;9,2;42/13;72/13;684/91;9,30;22;36;36;36,7,passed
case-0405,0:2;2:2;2:2;2:2;2:2,1/4,8,1640,2;4;6;8;10,2;46/7;62/7;342/35;10,16/3;40/3;40/3;40/3;40/3,8,passed
case-0405,0:2;2:2;2:2;2:2;2:2,1/2,8,1640,2;4;6;8;10,2;26/5;38/5;46/5;10,12;20;20;20;20,8,passed
case-0405,0:2;2:2;2:2;2:2;2:2,3/4,8,1640,2;4;6;8;10,2;58/13;434/65;3902/455;10,32;40;40;40;40,8,passed
case-0406,1:1;1:1;1:1;1:1;1:1,1/4,5,170,2;3;4;5;6,7/2;69/14;79/14;83/14;6,23/3;23/3;23/3;23/3;23/3,5,passed
case-0406,1:1;1:1;1:1;1:1;1:1,1/2,5,170,2;3;4;5;6,8/3;4;5;17/3;6,11;11;11;11;11,5,passed
case-0406,1:1;1:1;1:1;1:1;1:1,3/4,5,170,2;3;4;5;6,9/4;177/52;231/52;1941/364;6,21;21;21;21;21,5,passed
case-0407,1:1;1:1;1:1;1:1;1:2,1/4,6,332,2;3;4;5;7,7/2;69/14;79/14;83/14;7,23/3;23/3;23/3;23/3;9,6,passed
case-0407,1:1;1:1;1:1;1:1;1:2,1/2,6,332,2;3;4;5;7,8/3;4;5;17/3;7,11;11;11;11;13,6,passed
case-0407,1:1;1:1;1:1;1:1;1:2,3/4,6,332,2;3;4;5;7,9/4;177/52;231/52;1941/364;7,21;21;21;21;25,6,passed
case-0408,1:1;1:1;1:1;1:1;2:1,1/4,4,86,2;3;4;5;6,109/32;153/32;175/32;919/160;6,89/12;89/12;89/12;89/12;23/3,759/160,passed
case-0408,1:1;1:1;1:1;1:1;2:1,1/2,4,86,2;3;4;5;6,21/8;157/40;49/10;111/20;6,43/4;43/4;43/4;43/4;11,91/20,passed
case-0408,1:1;1:1;1:1;1:1;2:1,3/4,4,86,2;3;4;5;6,143/64;2807/832;18301/4160;153703/29120;6,83/4;83/4;83/4;83/4;21,124583/29120,passed
case-0409,1:1;1:1;1:1;1:1;2:2,1/4,5,183,2;3;4;5;7,109/32;153/32;175/32;919/160;7,89/12;89/12;89/12;89/12;9,5,passed
case-0409,1:1;1:1;1:1;1:1;2:2,1/2,5,183,2;3;4;5;7,21/8;157/40;49/10;111/20;7,43/4;43/4;43/4;43/4;13,5,passed
case-0409,1:1;1:1;1:1;1:1;2:2,3/4,5,183,2;3;4;5;7,143/64;2807/832;18301/4160;153703/29120;7,83/4;83/4;83/4;83/4;25,5,passed
case-0410,1:1;1:1;1:1;1:2;1:2,1/4,7,648,2;3;4;6;8,7/2;69/14;79/14;527/70;8,23/3;23/3;23/3;31/3;31/3,7,passed
case-0410,1:1;1:1;1:1;1:2;1:2,1/2,7,648,2;3;4;6;8,8/3;4;5;7;8,11;11;11;15;15,7,passed
case-0410,1:1;1:1;1:1;1:2;1:2,3/4,7,648,2;3;4;6;8,9/4;177/52;231/52;2357/364;8,21;21;21;29;29,7,passed
case-0411,1:1;1:1;1:1;1:2;2:1,1/4,5,184,2;3;4;6;7,109/32;153/32;175/32;7;617/96,89/12;89/12;89/12;9;95/12,6,passed
case-0411,1:1;1:1;1:1;1:2;2:1,1/2,5,184,2;3;4;6;7,21/8;157/40;49/10;413/60;7,43/4;43/4;43/4;13;45/4,353/60,passed
case-0411,1:1;1:1;1:1;1:2;2:1,3/4,5,184,2;3;4;6;7,143/64;2807/832;18301/4160;186983/29120;7,83/4;83/4;83/4;25;85/4,157863/29120,passed
case-0412,1:1;1:1;1:1;1:2;2:2,1/4,6,389,2;3;4;6;8,109/32;153/32;175/32;235/32;8,89/12;89/12;89/12;121/12;31/3,203/32,passed
case-0412,1:1;1:1;1:1;1:2;2:2,1/2,6,389,2;3;4;6;8,21/8;157/40;49/10;413/60;8,43/4;43/4;43/4;59/4;15,6,passed
case-0412,1:1;1:1;1:1;1:2;2:2,3/4,6,389,2;3;4;6;8,143/64;2807/832;18301/4160;186983/29120;8,83/4;83/4;83/4;115/4;29,6,passed
case-0413,1:1;1:1;1:1;2:1;2:1,1/4,4,84,2;3;4;5;6,13/4;127/28;145/28;817/140;6,7;7;7;23/3;23/3,117/28,passed
case-0413,1:1;1:1;1:1;2:1;2:1,1/2,4,84,2;3;4;5;6,23/9;19/5;71/15;251/45;6,31/3;31/3;31/3;11;11,4,passed
case-0413,1:1;1:1;1:1;2:1;2:1,3/4,4,84,2;3;4;5;6,53/24;1037/312;6751/1560;19231/3640;6,61/3;61/3;61/3;21;21,4,passed
case-0414,1:1;1:1;1:1;2:1;2:2,1/4,5,181,2;3;4;5;7,13/4;127/28;145/28;817/140;7,7;7;7;23/3;9,5,passed
case-0414,1:1;1:1;1:1;2:1;2:2,1/2,5,181,2;3;4;5;7,23/9;19/5;71/15;251/45;7,31/3;31/3;31/3;11;13,5,passed
case-0414,1:1;1:1;1:1;2:1;2:2,3/4,5,181,2;3;4;5;7,53/24;1037/312;6751/1560;19231/3640;7,61/3;61/3;61/3;21;25,5,passed
case-0415,1:1;1:1;1:1;2:2;2:2,1/4,6,384,2;3;4;6;8,13/4;127/28;145/28;1041/140;8,7;7;7;31/3;31/3,6,passed
case-0415,1:1;1:1;1:1;2:2;2:2,1/2,6,384,2;3;4;6;8,23/9;19/5;71/15;311/45;8,31/3;31/3;31/3;15;15,6,passed
case-0415,1:1;1:1;1:1;2:2;2:2,3/4,6,384,2;3;4;6;8,53/24;1037/312;6751/1560;23391/3640;8,61/3;61/3;61/3;29;29,6,passed
case-0416,1:1;1:1;1:2;1:2;1:2,1/4,8,1223,2;3;5;7;9,7/2;69/14;107/14;611/70;9,23/3;23/3;35/3;35/3;35/3,8,passed
case-0416,1:1;1:1;1:2;1:2;1:2,1/2,8,1223,2;3;5;7;9,8/3;4;13/2;49/6;9,11;11;17;17;17,8,passed
case-0416,1:1;1:1;1:2;1:2;1:2,3/4,8,1223,2;3;5;7;9,9/4;177/52;1467/260;13761/1820;9,21;21;33;33;33,8,passed
case-0417,1:1;1:1;1:2;1:2;2:1,1/4,6,391,2;3;5;7;8,109/32;153/32;1177/160;8;221/32,89/12;89/12;31/3;31/3;49/6,7,passed
case-0417,1:1;1:1;1:2;1:2;2:1,1/2,6,391,2;3;5;7;8,21/8;157/40;32/5;8;157/20,43/4;43/4;15;15;23/2,7,passed
case-0417,1:1;1:1;1:2;1:2;2:1,3/4,6,391,2;3;5;7;8,143/64;2807/832;23293/4160;218599/29120;8,83/4;83/4;29;29;43/2,189479/29120,passed
case-0418,1:1;1:1;1:2;1:2;2:2,1/4,7,782,2;3;5;7;9,109/32;153/32;239/32;1367/160;9,89/12;89/12;137/12;137/12;35/3,1207/160,passed
case-0418,1:1;1:1;1:2;1:2;2:2,1/2,7,782,2;3;5;7;9,21/8;157/40;32/5;161/20;9,43/4;43/4;67/4;67/4;17,141/20,passed
case-0418,1:1;1:1;1:2;1:2;2:2,3/4,7,782,2;3;5;7;9,143/64;2807/832;23293/4160;218599/29120;9,83/4;83/4;131/4;131/4;33,7,passed
case-0419,1:1;1:1;1:2;2:1;2:1,1/4,5,181,2;3;5;6;7,13/4;127/28;7;191/28;191/28,7;7;9;8;8,6,passed
case-0419,1:1;1:1;1:2;2:1;2:1,1/2,5,181,2;3;5;6;7,23/9;19/5;187/30;607/90;7,31/3;31/3;13;34/3;34/3,157/30,passed
case-0419,1:1;1:1;1:2;2:1;2:1,3/4,5,181,2;3;5;6;7,53/24;1037/312;8623/1560;23183/3640;7,61/3;61/3;25;64/3;64/3,5,passed
case-0420,1:1;1:1;1:2;2:1;2:2,1/4,6,384,2;3;5;6;8,13/4;127/28;199/28;191/28;8,7;7;10;8;31/3,171/28,passed
case-0420,1:1;1:1;1:2;2:1;2:2,1/2,6,384,2;3;5;6;8,23/9;19/5;187/30;607/90;8,31/3;31/3;44/3;34/3;15,6,passed
case-0420,1:1;1:1;1:2;2:1;2:2,3/4,6,384,2;3;5;6;8,53/24;1037/312;8623/1560;23183/3640;8,61/3;61/3;86/3;64/3;29,6,passed
case-0421,1:1;1:1;1:2;2:2;2:2,1/4,7,771,2;3;5;7;9,13/4;127/28;201/28;1209/140;9,7;7;11;35/3;35/3,7,passed
case-0421,1:1;1:1;1:2;2:2;2:2,1/2,7,771,2;3;5;7;9,23/9;19/5;187/30;727/90;9,31/3;31/3;49/3;17;17,7,passed
case-0421,1:1;1:1;1:2;2:2;2:2,3/4,7,771,2;3;5;7;9,53/24;1037/312;8623/1560;27343/3640;9,61/3;61/3;97/3;33;33,7,passed
case-0422,1:1;1:1;2:1;2:1;2:1,1/4,4,84,2;3;4;5;6,47/16;453/112;599/112;3287/560;6,37/6;37/6;23/3;23/3;23/3,4,passed
case-0422,1:1;1:1;2:1;2:1;2:1,1/2,4,84,2;3;4;5;6,29/12;71/20;191/40;671/120;6,19/2;19/2;11;11;11,4,passed
case-0422,1:1;1:1;2:1;2:1;2:1,3/4,4,84,2;3;4;5;6,69/32;1341/416;1803/416;2199/416;6,39/2;39/2;21;21;21,4,passed
case-0423,1:1;1:1;2:1;2:1;2:2,1/4,5,182,2;3;4;5;7,47/16;453/112;599/112;3287/560;7,37/6;37/6;23/3;23/3;9,5,passed
case-0423,1:1;1:1;2:1;2:1;2:2,1/2,5,182,2;3;4;5;7,29/12;71/20;191/40;671/120;7,19/2;19/2;11;11;13,5,passed
case-0423,1:1;1:1;2:1;2:1;2:2,3/4,5,182,2;3;4;5;7,69/32;1341/416;1803/416;2199/416;7,39/2;39/2;21;21;25,5,passed
case-0424,1:1;1:1;2:1;2:2;2:2,1/4,6,385,2;3;4;6;8,47/16;453/112;599/112;4183/560;8,37/6;37/6;23/3;31/3;31/3,6,passed
case-0424,1:1;1:1;2:1;2:2;2:2,1/2,6,385,2;3;4;6;8,29/12;71/20;191/40;277/40;8,19/2;19/2;11;15;15,6,passed
case-0424,1:1;1:1;2:1;2:2;2:2,3/4,6,385,2;3;4;6;8,69/32;1341/416;1803/416;18721/2912;8,39/2;39/2;21;29;29,6,passed
case-0425,1:1;1:1;2:2;2:2;2:2,1/4,7,772,2;3;5;7;9,47/16;453/112;823/112;971/112;9,37/6;37/6;35/3;35/3;35/3,7,passed
case-0425,1:1;1:1;2:2;2:2;2:2,1/2,7,772,2;3;5;7;9,29/12;71/20;251/40;971/120;9,19/2;19/2;17;17;17,7,passed
case-0425,1:1;1:1;2:2;2:2;2:2,3/4,7,772,2;3;5;7;9,69/32;1341/416;11511/2080;109413/14560;9,39/2;39/2;33;33;33,7,passed
case-0426,1:1;1:2;1:2;1:2;1:2,1/4,9,2251,2;4;6;8;10,7/2;101/14;127/14;687/70;10,23/3;13;13;13;13,9,passed
case-0426,1:1;1:2;1:2;1:2;1:2,1/2,9,2251,2;4;6;8;10,8/3;28/5;39/5;139/15;10,11;19;19;19;19,9,passed
case-0426,1:1;1:2;1:2;1:2;1:2,3/4,9,2251,2;4;6;8;10,9/4;241/52;1763/260;15689/1820;10,21;37;37;37;37,9,passed
case-0427,1:1;1:2;1:2;1:2;2:1,1/4,7,785,2;4;6;8;9,109/32;1583/224;9647/1120;9;1675/224,89/12;35/3;35/3;35/3;101/12,8,passed
case-0427,1:1;1:2;1:2;1:2;2:1,1/2,7,785,2;4;6;8;9,21/8;221/40;77/10;9;171/20,43/4;17;17;17;47/4,8,passed
case-0427,1:1;1:2;1:2;1:2;2:1,3/4,7,785,2;4;6;8;9,143/64;3831/832;28029/4160;249447/29120;9,83/4;33;33;33;87/4,220327/29120,passed
case-0428,1:1;1:2;1:2;1:2;2:2,1/4,8,1511,2;4;6;8;10,109/32;1583/224;1993/224;2157/224;10,89/12;51/4;51/4;51/4;13,1933/224,passed
case-0428,1:1;1:2;1:2;1:2;2:2,1/2,8,1511,2;4;6;8;10,21/8;221/40;77/10;183/20;10,43/4;75/4;75/4;75/4;19,163/20,passed
case-0428,1:1;1:2;1:2;1:2;2:2,3/4,8,1511,2;4;6;8;10,143/64;3831/832;28029/4160;249447/29120;10,83/4;147/4;147/4;147/4;37,8,passed
case-0429,1:1;1:2;1:2;2:1;2:1,1/4,6,386,2;4;6;7;8,13/4;191/28;8;207/28;207/28,7;31/3;31/3;25/3;25/3,7,passed
case-0429,1:1;1:2;1:2;2:1;2:1,1/2,6,386,2;4;6;7;8,23/9;27/5;113/15;353/45;8,31/3;15;15;35/3;35/3,98/15,passed
case-0429,1:1;1:2;1:2;2:1;2:1,3/4,6,386,2;4;6;7;8,53/24;1421/312;10399/1560;27039/3640;8,61/3;29;29;65/3;65/3,6,passed
case-0430,1:1;1:2;1:2;2:1;2:2,1/4,7,774,2;4;6;7;9,13/4;191/28;1171/140;207/28;9,7;34/3;34/3;25/3;35/3,1031/140,passed
case-0430,1:1;1:2;1:2;2:1;2:2,1/2,7,774,2;4;6;7;9,23/9;27/5;113/15;353/45;9,31/3;50/3;50/3;35/3;17,7,passed
case-0430,1:1;1:2;1:2;2:1;2:2,3/4,7,774,2;4;6;7;9,53/24;1421/312;10399/1560;27039/3640;9,61/3;98/3;98/3;65/3;33,7,passed
case-0431,1:1;1:2;1:2;2:2;2:2,1/4,8,1494,2;4;6;8;10,13/4;191/28;241/28;1361/140;10,7;37/3;37/3;13;13,8,passed
case-0431,1:1;1:2;1:2;2:2;2:2,1/2,8,1494,2;4;6;8;10,23/9;27/5;113/15;413/45;10,31/3;55/3;55/3;19;19,8,passed
case-0431,1:1;1:2;1:2;2:2;2:2,3/4,8,1494,2;4;6;8;10,53/24;1421/312;10399/1560;4457/520;10,61/3;109/3;109/3;37;37,8,passed
case-0432,1:1;1:2;2:1;2:1;2:1,1/4,5,178,2;4;5;6;7,47/16;709/112;759/112;779/112;7,37/6;9;49/6;49/6;49/6,597/112,passed
case-0432,1:1;1:2;2:1;2:1;2:1,1/2,5,178,2;4;5;6;7,29/12;103/20;243/40;803/120;7,19/2;13;23/2;23/2;23/2,5,passed
case-0432,1:1;1:2;2:1;2:1;2:1,3/4,5,178,2;4;5;6;7,69/32;1853/416;11383/2080;92389/14560;7,39/2;25;43/2;43/2;43/2,5,passed
case-0433,1:1;1:2;2:1;2:1;2:2,1/4,6,379,2;4;5;6;8,47/16;709/112;759/112;779/112;8,37/6;59/6;49/6;49/6;31/3,6,passed
case-0433,1:1;1:2;2:1;2:1;2:2,1/2,6,379,2;4;5;6;8,29/12;103/20;243/40;803/120;8,19/2;29/2;23/2;23/2;15,6,passed
case-0433,1:1;1:2;2:1;2:1;2:2,3/4,6,379,2;4;5;6;8,69/32;1853/416;11383/2080;92389/14560;8,39/2;57/2;43/2;43/2;29,6,passed
case-0434,1:1;1:2;2:1;2:2;2:2,1/4,7,763,2;4;5;7;9,47/16;709/112;759/112;4791/560;9,37/6;32/3;49/6;35/3;35/3,7,passed
case-0434,1:1;1:2;2:1;2:2;2:2,1/2,7,763,2;4;5;7;9,29/12;103/20;243/40;321/40;9,19/2;16;23/2;17;17,7,passed
case-0434,1:1;1:2;2:1;2:2;2:2,3/4,7,763,2;4;5;7;9,69/32;1853/416;11383/2080;109029/14560;9,39/2;32;43/2;33;33,7,passed
case-0435,1:1;1:2;2:2;2:2;2:2,1/4,8,1477,2;4;6;8;10,47/16;709/112;983/112;5463/560;10,37/6;23/2;13;13;13,8,passed
case-0435,1:1;1:2;2:2;2:2;2:2,1/2,8,1477,2;4;6;8;10,29/12;103/20;303/40;1103/120;10,19/2;35/2;19;19;19,8,passed
case-0435,1:1;1:2;2:2;2:2;2:2,3/4,8,1477,2;4;6;8;10,69/32;1853/416;13879/2080;124837/14560;10,39/2;71/2;37;37;37,8,passed
case-0436,1:1;2:1;2:1;2:1;2:1,1/4,4,92,2;3;4;5;6,2;30/7;38/7;206/35;6,11/3;23/3;23/3;23/3;23/3,4,passed
case-0436,1:1;2:1;2:1;2:1;2:1,1/2,4,92,2;3;4;5;6,2;18/5;24/5;28/5;6,7;11;11;11;11,4,passed
case-0436,1:1;2:1;2:1;2:1;2:1,3/4,4,92,2;3;4;5;6,2;42/13;282/65;2406/455;6,17;21;21;21;21,4,passed
case-0437,1:1;2:1;2:1;2:1;2:2,1/4,5,190,2;3;4;5;7,2;30/7;38/7;206/35;7,11/3;23/3;23/3;23/3;9,5,passed
case-0437,1:1;2:1;2:1;2:1;2:2,1/2,5,190,2;3;4;5;7,2;18/5;24/5;28/5;7,7;11;11;11;13,5,passed
case-0437,1:1;2:1;2:1;2:1;2:2,3/4,5,190,2;3;4;5;7,2;42/13;282/65;2406/455;7,17;21;21;21;25,5,passed
case-0438,1:1;2:1;2:1;2:2;2:2,1/4,6,399,2;3;4;6;8,2;30/7;38/7;262/35;8,11/3;23/3;23/3;31/3;31/3,6,passed
case-0438,1:1;2:1;2:1;2:2;2:2,1/2,6,399,2;3;4;6;8,2;18/5;24/5;104/15;8,7;11;11;15;15,6,passed
case-0438,1:1;2:1;2:1;2:2;2:2,3/4,6,399,2;3;4;6;8,2;42/13;282/65;418/65;8,17;21;21;29;29,6,passed
case-0439,1:1;2:1;2:2;2:2;2:2,1/4,7,795,2;3;5;7;9,2;30/7;52/7;304/35;9,11/3;23/3;35/3;35/3;35/3,7,passed
case-0439,1:1;2:1;2:2;2:2;2:2,1/2,7,795,2;3;5;7;9,2;18/5;63/10;81/10;9,7;11;17;17;17,7,passed
case-0439,1:1;2:1;2:2;2:2;2:2,3/4,7,795,2;3;5;7;9,2;42/13;72/13;684/91;9,17;21;33;33;33,7,passed
case-0440,1:1;2:2;2:2;2:2;2:2,1/4,8,1527,2;4;6;8;10,2;46/7;62/7;342/35;10,11/3;13;13;13;13,8,passed
case-0440,1:1;2:2;2:2;2:2;2:2,1/2,8,1527,2;4;6;8;10,2;26/5;38/5;46/5;10,7;19;19;19;19,8,passed
case-0440,1:1;2:2;2:2;2:2;2:2,3/4,8,1527,2;4;6;8;10,2;58/13;434/65;3902/455;10,17;37;37;37;37,8,passed
case-0441,1:2;1:2;1:2;1:2;1:2,1/4,10,4062,3;5;7;9;11,6;62/7;72/7;76/7;11,43/3;43/3;43/3;43/3;43/3,10,passed
case-0441,1:2;1:2;1:2;1:2;1:2,1/2,10,4062,3;5;7;9;11,13/3;7;9;31/3;11,21;21;21;21;21,10,passed
case-0441,1:2;1:2;1:2;1:2;1:2,3/4,10,4062,3;5;7;9;11,7/2;151/26;205/26;1759/182;11,41;41;41;41;41,10,passed
case-0442,1:2;1:2;1:2;1:2;2:1,1/4,8,1515,3;5;7;9;10,189/32;829/96;4669/480;10;779/96,13;13;13;13;26/3,9,passed
case-0442,1:2;1:2;1:2;1:2;2:1,1/2,8,1515,3;5;7;9;10,103/24;277/40;89/10;10;187/20,19;19;19;19;12,9,passed
case-0442,1:2;1:2;1:2;1:2;2:1,3/4,8,1515,3;5;7;9;10,223/64;4807/832;32621/4160;279863/29120;10,37;37;37;37;22,250743/29120,passed
case-0443,1:2;1:2;1:2;1:2;2:2,1/4,9,2834,3;5;7;9;11,189/32;1951/224;2265/224;11953/1120;11,169/12;169/12;169/12;169/12;43/3,10833/1120,passed
case-0443,1:2;1:2;1:2;1:2;2:2,1/2,9,2834,3;5;7;9;11,103/24;277/40;89/10;613/60;11,83/4;83/4;83/4;83/4;21,553/60,passed
case-0443,1:2;1:2;1:2;1:2;2:2,3/4,9,2834,3;5;7;9;11,223/64;4807/832;32621/4160;279863/29120;11,163/4;163/4;163/4;163/4;41,9,passed
case-0444,1:2;1:2;1:2;2:1;2:1,1/4,7,778,3;5;7;8;9,23/4;167/20;9;97/12;97/12,35/3;35/3;35/3;26/3;26/3,8,passed
case-0444,1:2;1:2;1:2;2:1;2:1,1/2,7,778,3;5;7;8;9,38/9;34/5;131/15;401/45;9,17;17;17;12;12,116/15,passed
case-0444,1:2;1:2;1:2;2:1;2:1,3/4,7,778,3;5;7;8;9,83/24;1787/312;12121/1560;30841/3640;9,33;33;33;22;22,7,passed
case-0445,1:2;1:2;1:2;2:1;2:2,1/4,8,1500,3;5;7;8;10,23/4;101/12;569/60;97/12;10,38/3;38/3;38/3;26/3;13,509/60,passed
case-0445,1:2;1:2;1:2;2:1;2:2,1/2,8,1500,3;5;7;8;10,38/9;34/5;131/15;401/45;10,56/3;56/3;56/3;12;19,8,passed
case-0445,1:2;1:2;1:2;2:1;2:2,3/4,8,1500,3;5;7;8;10,83/24;1787/312;12121/1560;30841/3640;10,110/3;110/3;110/3;22;37,8,passed
case-0446,1:2;1:2;1:2;2:2;2:2,1/4,9,2811,3;5;7;9;11,23/4;237/28;275/28;1507/140;11,41/3;41/3;41/3;43/3;43/3,9,passed
case-0446,1:2;1:2;1:2;2:2;2:2,1/2,9,2811,3;5;7;9;11,38/9;34/5;131/15;461/45;11,61/3;61/3;61/3;21;21,9,passed
case-0446,1:2;1:2;1:2;2:2;2:2,3/4,9,2811,3;5;7;9;11,83/24;1787/312;12121/1560;35001/3640;11,121/3;121/3;121/3;41;41,9,passed
case-0447,1:2;1:2;2:1;2:1;2:1,1/4,6,379,3;5;6;7;8,87/16;893/112;895/112;4479/560;8,31/3;31/3;26/3;26/3;26/3,781/112,passed
case-0447,1:2;1:2;2:1;2:1;2:1,1/2,6,379,3;5;6;7;8,49/12;131/20;291/40;931/120;8,15;15;12;12;12,6,passed
case-0447,1:2;1:2;2:1;2:1;2:1,3/4,6,379,3;5;6;7;8,109/32;2341/416;13679/2080;15371/2080;8,29;29;22;22;22,6,passed
case-0448,1:2;1:2;2:1;2:1;2:2,1/4,7,763,3;5;6;7;9,87/16;893/112;895/112;4479/560;9,67/6;67/6;26/3;26/3;35/3,7,passed
case-0448,1:2;1:2;2:1;2:1;2:2,1/2,7,763,3;5;6;7;9,49/12;131/20;291/40;931/120;9,33/2;33/2;12;12;17,7,passed
case-0448,1:2;1:2;2:1;2:1;2:2,3/4,7,763,3;5;6;7;9,109/32;2341/416;13679/2080;15371/2080;9,65/2;65/2;22;22;33,7,passed
case-0449,1:2;1:2;2:1;2:2;2:2,1/4,8,1477,3;5;6;8;10,87/16;893/112;895/112;1075/112;10,12;12;26/3;13;13,8,passed
case-0449,1:2;1:2;2:1;2:2;2:2,1/2,8,1477,3;5;6;8;10,49/12;131/20;291/40;1091/120;10,18;18;12;19;19,8,passed
case-0449,1:2;1:2;2:1;2:2;2:2,3/4,8,1477,3;5;6;8;10,109/32;2341/416;13679/2080;124237/14560;10,36;36;22;37;37,8,passed
case-0450,1:2;1:2;2:2;2:2;2:2,1/4,9,2776,3;5;7;9;11,87/16;893/112;1119/112;6047/560;11,77/6;77/6;43/3;43/3;43/3,9,passed
case-0450,1:2;1:2;2:2;2:2;2:2,1/2,9,2776,3;5;7;9;11,49/12;131/20;351/40;1231/120;11,39/2;39/2;21;21;21,9,passed
case-0450,1:2;1:2;2:2;2:2;2:2,3/4,9,2776,3;5;7;9;11,109/32;2341/416;3235/416;28009/2912;11,79/2;79/2;41;41;41,9,passed
case-0451,1:2;2:1;2:1;2:1;2:1,1/4,5,179,3;4;5;6;7,9/2;83/14;93/14;97/14;7,9;26/3;26/3;26/3;26/3,5,passed
case-0451,1:2;2:1;2:1;2:1;2:1,1/2,5,179,3;4;5;6;7,11/3;5;6;20/3;7,13;12;12;12;12,5,passed
case-0451,1:2;2:1;2:1;2:1;2:1,3/4,5,179,3;4;5;6;7,13/4;229/52;283/52;2305/364;7,25;22;22;22;22,5,passed
case-0452,1:2;2:1;2:1;2:1;2:2,1/4,6,380,3;4;5;6;8,9/2;83/14;93/14;97/14;8,28/3;26/3;26/3;26/3;31/3,6,passed
case-0452,1:2;2:1;2:1;2:1;2:2,1/2,6,380,3;4;5;6;8,11/3;5;6;20/3;8,14;12;12;12;15,6,passed
case-0452,1:2;2:1;2:1;2:1;2:2,3/4,6,380,3;4;5;6;8,13/4;229/52;283/52;2305/364;8,28;22;22;22;29,6,passed
case-0453,1:2;2:1;2:1;2:2;2:2,1/4,7,764,3;4;5;7;9,9/2;83/14;93/14;597/70;9,29/3;26/3;26/3;35/3;35/3,7,passed
case-0453,1:2;2:1;2:1;2:2;2:2,1/2,7,764,3;4;5;7;9,11/3;5;6;8;9,15;12;12;17;17,7,passed
case-0453,1:2;2:1;2:1;2:2;2:2,3/4,7,764,3;4;5;7;9,13/4;229/52;283/52;2721/364;9,31;22;22;33;33,7,passed
case-0454,1:2;2:1;2:2;2:2;2:2,1/4,8,1478,3;4;6;8;10,9/2;83/14;121/14;681/70;10,10;26/3;13;13;13,8,passed
case-0454,1:2;2:1;2:2;2:2;2:2,1/2,8,1478,3;4;6;8;10,11/3;5;15/2;55/6;10,16;12;19;19;19,8,passed
case-0454,1:2;2:1;2:2;2:2;2:2,3/4,8,1478,3;4;6;8;10,13/4;229/52;1727/260;15581/1820;10,34;22;37;37;37,8,passed
case-0455,1:2;2:2;2:2;2:2;2:2,1/4,9,2777,3;5;7;9;11,9/2;115/14;141/14;757/70;11,31/3;43/3;43/3;43/3;43/3,9,passed
case-0455,1:2;2:2;2:2;2:2;2:2,1/2,9,2777,3;5;7;9;11,11/3;33/5;44/5;154/15;11,17;21;21;21;21,9,passed
case-0455,1:2;2:2;2:2;2:2;2:2,3/4,9,2777,3;5;7;9;11,13/4;293/52;2023/260;17509/1820;11,37;41;41;41;41,9,passed
case-0456,2:1;2:1;2:1;2:1;2:1,1/4,5,175,3;4;5;6;7,9/2;83/14;93/14;97/14;7,26/3;26/3;26/3;26/3;26/3,5,passed
case-0456,2:1;2:1;2:1;2:1;2:1,1/2,5,175,3;4;5;6;7,11/3;5;6;20/3;7,12;12;12;12;12,5,passed
case-0456,2:1;2:1;2:1;2:1;2:1,3/4,5,175,3;4;5;6;7,13/4;229/52;283/52;2305/364;7,22;22;22;22;22,5,passed
case-0457,2:1;2:1;2:1;2:1;2:2,1/4,6,337,3;4;5;6;8,9/2;83/14;93/14;97/14;8,26/3;26/3;26/3;26/3;10,6,passed
case-0457,2:1;2:1;2:1;2:1;2:2,1/2,6,337,3;4;5;6;8,11/3;5;6;20/3;8,12;12;12;12;14,6,passed
case-0457,2:1;2:1;2:1;2:1;2:2,3/4,6,337,3;4;5;6;8,13/4;229/52;283/52;2305/364;8,22;22;22;22;26,6,passed
case-0458,2:1;2:1;2:1;2:2;2:2,1/4,7,654,3;4;5;7;9,9/2;83/14;93/14;597/70;9,26/3;26/3;26/3;34/3;34/3,7,passed
case-0458,2:1;2:1;2:1;2:2;2:2,1/2,7,654,3;4;5;7;9,11/3;5;6;8;9,12;12;12;16;16,7,passed
case-0458,2:1;2:1;2:1;2:2;2:2,3/4,7,654,3;4;5;7;9,13/4;229/52;283/52;2721/364;9,22;22;22;30;30,7,passed
case-0459,2:1;2:1;2:2;2:2;2:2,1/4,8,1230,3;4;6;8;10,9/2;83/14;121/14;681/70;10,26/3;26/3;38/3;38/3;38/3,8,passed
case-0459,2:1;2:1;2:2;2:2;2:2,1/2,8,1230,3;4;6;8;10,11/3;5;15/2;55/6;10,12;12;18;18;18,8,passed
case-0459,2:1;2:1;2:2;2:2;2:2,3/4,8,1230,3;4;6;8;10,13/4;229/52;1727/260;15581/1820;10,22;22;34;34;34,8,passed
case-0460,2:1;2:2;2:2;2:2;2:2,1/4,9,2259,3;5;7;9;11,9/2;115/14;141/14;757/70;11,26/3;14;14;14;14,9,passed
case-0460,2:1;2:2;2:2;2:2;2:2,1/2,9,2259,3;5;7;9;11,11/3;33/5;44/5;154/15;11,12;20;20;20;20,9,passed
case-0460,2:1;2:2;2:2;2:2;2:2,3/4,9,2259,3;5;7;9;11,13/4;293/52;2023/260;17509/1820;11,22;38;38;38;38,9,passed
case-0461,2:2;2:2;2:2;2:2;2:2,1/4,10,4071,4;6;8;10;12,7;69/7;79/7;83/7;12,46/3;46/3;46/3;46/3;46/3,10,passed
case-0461,2:2;2:2;2:2;2:2;2:2,1/2,10,4071,4;6;8;10;12,16/3;8;10;34/3;12,22;22;22;22;22,10,passed
case-0461,2:2;2:2;2:2;2:2;2:2,3/4,10,4071,4;6;8;10;12,9/2;177/26;231/26;1941/182;12,42;42;42;42;42,10,passed
